,date,close
0,10-11-2009,71.0
1,11-11-2009,78.0
2,12-11-2009,70.0
3,13-11-2009,73.0
4,14-11-2009,83.0
5,15-11-2009,96.0
6,16-11-2009,100.0
7,17-11-2009,91.0
8,18-11-2009,79.0
9,19-11-2009,73.0
10,20-11-2009,84.0
11,21-11-2009,77.0
12,22-11-2009,100.0
13,23-11-2009,96.0
14,24-11-2009,102.0
15,25-11-2009,85.0
16,26-11-2009,78.0
17,27-11-2009,75.0
18,28-11-2009,78.0
19,29-11-2009,58.0
20,30-11-2009,74.0
21,01-12-2009,66.0
22,02-12-2009,99.0
23,03-12-2009,85.0
24,04-12-2009,49.0
25,05-12-2009,52.0
26,06-12-2009,108.0
27,07-12-2009,94.0
28,08-12-2009,121.0
29,09-12-2009,104.0
30,10-12-2009,106.0
31,11-12-2009,125.0
32,12-12-2009,103.0
33,13-12-2009,104.0
34,14-12-2009,113.0
35,15-12-2009,117.0
36,16-12-2009,121.0
37,17-12-2009,163.0
38,18-12-2009,201.0
39,19-12-2009,225.0
40,20-12-2009,175.0
41,21-12-2009,188.0
42,22-12-2009,152.0
43,23-12-2009,169.0
44,24-12-2009,144.0
45,25-12-2009,158.0
46,26-12-2009,159.0
47,27-12-2009,170.0
48,28-12-2009,138.0
49,29-12-2009,164.0
50,30-12-2009,156.0
51,31-12-2009,150.0
52,01-01-2010,119.0
53,02-01-2010,132.0
54,03-01-2010,163.0
55,04-01-2010,192.0
56,05-01-2010,208.0
57,06-01-2010,158.0
58,07-01-2010,159.0
59,08-01-2010,150.0
60,09-01-2010,148.0
61,10-01-2010,191.0
62,11-01-2010,154.0
63,12-01-2010,168.0
64,13-01-2010,160.0
65,14-01-2010,159.0
66,15-01-2010,137.0
67,16-01-2010,135.0
68,17-01-2010,124.0
69,18-01-2010,130.0
70,19-01-2010,120.0
71,20-01-2010,140.0
72,21-01-2010,187.0
73,22-01-2010,152.0
74,23-01-2010,152.0
75,24-01-2010,148.0
76,25-01-2010,207.0
77,26-01-2010,208.0
78,27-01-2010,178.0
79,28-01-2010,176.0
80,29-01-2010,195.0
81,30-01-2010,183.0
82,31-01-2010,210.0
83,01-02-2010,189.0
84,02-02-2010,142.0
85,03-02-2010,246.0
86,04-02-2010,235.0
87,05-02-2010,250.0
88,06-02-2010,204.0
89,07-02-2010,210.0
90,08-02-2010,221.0
91,09-02-2010,211.0
92,10-02-2010,166.0
93,11-02-2010,181.0
94,12-02-2010,193.0
95,13-02-2010,227.0
96,14-02-2010,215.0
97,15-02-2010,194.0
98,16-02-2010,182.0
99,17-02-2010,244.0
100,18-02-2010,235.0
101,19-02-2010,183.0
102,20-02-2010,224.0
103,21-02-2010,218.0
104,22-02-2010,261.0
105,23-02-2010,252.0
106,24-02-2010,196.0
107,25-02-2010,150.0
108,26-02-2010,176.0
109,27-02-2010,176.0
110,28-02-2010,165.0
111,01-03-2010,187.0
112,02-03-2010,204.0
113,03-03-2010,151.0
114,04-03-2010,187.0
115,05-03-2010,178.0
116,06-03-2010,188.0
117,07-03-2010,178.0
118,08-03-2010,141.0
119,09-03-2010,149.0
120,10-03-2010,152.0
121,11-03-2010,154.0
122,12-03-2010,119.0
123,13-03-2010,160.0
124,14-03-2010,127.0
125,15-03-2010,128.0
126,16-03-2010,138.0
127,17-03-2010,127.0
128,18-03-2010,161.0
129,19-03-2010,144.0
130,20-03-2010,203.0
131,21-03-2010,191.0
132,22-03-2010,186.0
133,23-03-2010,215.0
134,24-03-2010,187.0
135,25-03-2010,197.0
136,26-03-2010,213.0
137,27-03-2010,182.0
138,28-03-2010,198.0
139,29-03-2010,205.0
140,30-03-2010,217.0
141,31-03-2010,213.0
142,01-04-2010,198.0
143,02-04-2010,155.0
144,03-04-2010,171.0
145,04-04-2010,175.0
146,05-04-2010,179.0
147,06-04-2010,175.0
148,07-04-2010,207.0
149,08-04-2010,208.0
150,09-04-2010,189.0
151,10-04-2010,294.0
152,11-04-2010,271.0
153,12-04-2010,270.0
154,13-04-2010,190.0
155,14-04-2010,230.0
156,15-04-2010,287.0
157,16-04-2010,234.0
158,17-04-2010,242.0
159,18-04-2010,1337.0
160,19-04-2010,2296.0
161,20-04-2010,242.0
162,21-04-2010,251.0
163,22-04-2010,210.0
164,23-04-2010,198.0
165,24-04-2010,191.0
166,25-04-2010,210.0
167,26-04-2010,220.0
168,27-04-2010,225.0
169,28-04-2010,219.0
170,29-04-2010,197.0
171,30-04-2010,181.0
172,01-05-2010,187.0
173,02-05-2010,197.0
174,03-05-2010,186.0
175,04-05-2010,151.0
176,05-05-2010,191.0
177,06-05-2010,173.0
178,07-05-2010,166.0
179,08-05-2010,170.0
180,09-05-2010,193.0
181,10-05-2010,161.0
182,11-05-2010,138.0
183,12-05-2010,147.0
184,13-05-2010,164.0
185,14-05-2010,148.0
186,15-05-2010,138.0
187,16-05-2010,118.0
188,17-05-2010,173.0
189,18-05-2010,217.0
190,19-05-2010,212.0
191,20-05-2010,221.0
192,21-05-2010,230.0
193,22-05-2010,227.0
194,23-05-2010,300.0
195,24-05-2010,262.0
196,25-05-2010,267.0
197,26-05-2010,259.0
198,27-05-2010,278.0
199,28-05-2010,265.0
200,29-05-2010,262.0
201,30-05-2010,200.0
202,31-05-2010,207.0
203,01-06-2010,178.0
204,02-06-2010,182.0
205,03-06-2010,219.0
206,04-06-2010,200.0
207,05-06-2010,188.0
208,06-06-2010,201.0
209,07-06-2010,211.0
210,08-06-2010,222.0
211,09-06-2010,199.0
212,10-06-2010,224.0
213,11-06-2010,248.0
214,12-06-2010,226.0
215,13-06-2010,221.0
216,14-06-2010,246.0
217,15-06-2010,288.0
218,16-06-2010,196.0
219,17-06-2010,208.0
220,18-06-2010,184.0
221,19-06-2010,218.0
222,20-06-2010,216.0
223,21-06-2010,242.0
224,22-06-2010,235.0
225,23-06-2010,242.0
226,24-06-2010,247.0
227,25-06-2010,227.0
228,26-06-2010,205.0
229,27-06-2010,215.0
230,28-06-2010,236.0
231,29-06-2010,253.0
232,30-06-2010,283.0
233,01-07-2010,273.0
234,02-07-2010,239.0
235,03-07-2010,283.0
236,04-07-2010,245.0
237,05-07-2010,243.0
238,06-07-2010,224.0
239,07-07-2010,209.0
240,08-07-2010,240.0
241,09-07-2010,258.0
242,10-07-2010,238.0
243,11-07-2010,242.0
244,12-07-2010,1830.0
245,13-07-2010,1739.0
246,14-07-2010,5659.0
247,15-07-2010,1793.0
248,16-07-2010,1393.0
249,17-07-2010,462.0
250,18-07-2010,427.0
251,19-07-2010,487.0
252,20-07-2010,627.0
253,21-07-2010,465.0
254,22-07-2010,428.0
255,23-07-2010,392.0
256,24-07-2010,374.0
257,25-07-2010,2337.0
258,26-07-2010,468.0
259,27-07-2010,445.0
260,28-07-2010,342.0
261,29-07-2010,3455.0
262,30-07-2010,362.0
263,31-07-2010,295.0
264,01-08-2010,324.0
265,02-08-2010,413.0
266,03-08-2010,623.0
267,04-08-2010,375.0
268,05-08-2010,604.0
269,06-08-2010,368.0
270,07-08-2010,287.0
271,08-08-2010,323.0
272,09-08-2010,423.0
273,10-08-2010,402.0
274,11-08-2010,384.0
275,12-08-2010,407.0
276,13-08-2010,508.0
277,14-08-2010,424.0
278,15-08-2010,423.0
279,16-08-2010,318.0
280,17-08-2010,352.0
281,18-08-2010,377.0
282,19-08-2010,368.0
283,20-08-2010,398.0
284,21-08-2010,348.0
285,22-08-2010,350.0
286,23-08-2010,389.0
287,24-08-2010,337.0
288,25-08-2010,396.0
289,26-08-2010,374.0
290,27-08-2010,291.0
291,28-08-2010,348.0
292,29-08-2010,268.0
293,30-08-2010,288.0
294,31-08-2010,465.0
295,01-09-2010,408.0
296,02-09-2010,308.0
297,03-09-2010,314.0
298,04-09-2010,286.0
299,05-09-2010,303.0
300,06-09-2010,298.0
301,07-09-2010,271.0
302,08-09-2010,292.0
303,09-09-2010,343.0
304,10-09-2010,378.0
305,11-09-2010,296.0
306,12-09-2010,350.0
307,13-09-2010,436.0
308,14-09-2010,437.0
309,15-09-2010,450.0
310,16-09-2010,380.0
311,17-09-2010,379.0
312,18-09-2010,431.0
313,19-09-2010,339.0
314,20-09-2010,422.0
315,21-09-2010,636.0
316,22-09-2010,799.0
317,23-09-2010,698.0
318,24-09-2010,558.0
319,25-09-2010,451.0
320,26-09-2010,454.0
321,27-09-2010,639.0
322,28-09-2010,467.0
323,29-09-2010,998.0
324,30-09-2010,358.0
325,01-10-2010,563.0
326,02-10-2010,501.0
327,03-10-2010,401.0
328,04-10-2010,414.0
329,05-10-2010,353.0
330,06-10-2010,408.0
331,07-10-2010,370.0
332,08-10-2010,343.0
333,09-10-2010,382.0
334,10-10-2010,373.0
335,11-10-2010,348.0
336,12-10-2010,361.0
337,13-10-2010,350.0
338,14-10-2010,376.0
339,15-10-2010,333.0
340,16-10-2010,412.0
341,17-10-2010,485.0
342,18-10-2010,517.0
343,19-10-2010,964.0
344,20-10-2010,693.0
345,21-10-2010,602.0
346,22-10-2010,495.0
347,23-10-2010,623.0
348,24-10-2010,473.0
349,25-10-2010,479.0
350,26-10-2010,486.0
351,27-10-2010,569.0
352,28-10-2010,500.0
353,29-10-2010,466.0
354,30-10-2010,444.0
355,31-10-2010,311.0
356,01-11-2010,364.0
357,02-11-2010,283.0
358,03-11-2010,334.0
359,04-11-2010,339.0
360,05-11-2010,416.0
361,06-11-2010,389.0
362,07-11-2010,445.0
363,08-11-2010,498.0
364,09-11-2010,458.0
365,10-11-2010,372.0
366,11-11-2010,429.0
367,12-11-2010,296.0
368,13-11-2010,333.0
369,14-11-2010,399.0
370,15-11-2010,1855.0
371,16-11-2010,12087.0
372,17-11-2010,463.0
373,18-11-2010,434.0
374,19-11-2010,7731.0
375,20-11-2010,12322.0
376,21-11-2010,10378.0
377,22-11-2010,395.0
378,23-11-2010,338.0
379,24-11-2010,2749.0
380,25-11-2010,5883.0
381,26-11-2010,1542.0
382,27-11-2010,490.0
383,28-11-2010,457.0
384,29-11-2010,435.0
385,30-11-2010,455.0
386,01-12-2010,505.0
387,02-12-2010,472.0
388,03-12-2010,411.0
389,04-12-2010,402.0
390,05-12-2010,436.0
391,06-12-2010,447.0
392,07-12-2010,548.0
393,08-12-2010,537.0
394,09-12-2010,516.0
395,10-12-2010,382.0
396,11-12-2010,504.0
397,12-12-2010,564.0
398,13-12-2010,723.0
399,14-12-2010,683.0
400,15-12-2010,610.0
401,16-12-2010,523.0
402,17-12-2010,503.0
403,18-12-2010,466.0
404,19-12-2010,547.0
405,20-12-2010,934.0
406,21-12-2010,616.0
407,22-12-2010,634.0
408,23-12-2010,552.0
409,24-12-2010,578.0
410,25-12-2010,555.0
411,26-12-2010,650.0
412,27-12-2010,507.0
413,28-12-2010,584.0
414,29-12-2010,641.0
415,30-12-2010,542.0
416,31-12-2010,579.0
417,01-01-2011,594.0
418,02-01-2011,593.0
419,03-01-2011,853.0
420,04-01-2011,1242.0
421,05-01-2011,1192.0
422,06-01-2011,850.0
423,07-01-2011,880.0
424,08-01-2011,1392.0
425,09-01-2011,1193.0
426,10-01-2011,1358.0
427,11-01-2011,1262.0
428,12-01-2011,1233.0
429,13-01-2011,1271.0
430,14-01-2011,1285.0
431,15-01-2011,932.0
432,16-01-2011,1027.0
433,17-01-2011,816.0
434,18-01-2011,870.0
435,19-01-2011,967.0
436,20-01-2011,847.0
437,21-01-2011,1047.0
438,22-01-2011,1431.0
439,23-01-2011,1073.0
440,24-01-2011,1334.0
441,25-01-2011,965.0
442,26-01-2011,985.0
443,27-01-2011,900.0
444,28-01-2011,1036.0
445,29-01-2011,1290.0
446,30-01-2011,2203.0
447,31-01-2011,1815.0
448,01-02-2011,985.0
449,02-02-2011,1004.0
450,03-02-2011,777.0
451,04-02-2011,918.0
452,05-02-2011,887.0
453,06-02-2011,857.0
454,07-02-2011,911.0
455,08-02-2011,842.0
456,09-02-2011,1033.0
457,10-02-2011,1866.0
458,11-02-2011,2433.0
459,12-02-2011,1903.0
460,13-02-2011,1841.0
461,14-02-2011,1978.0
462,15-02-2011,2267.0
463,16-02-2011,2062.0
464,17-02-2011,2255.0
465,18-02-2011,2086.0
466,19-02-2011,1773.0
467,20-02-2011,1698.0
468,21-02-2011,1969.0
469,22-02-2011,2152.0
470,23-02-2011,2394.0
471,24-02-2011,1957.0
472,25-02-2011,2134.0
473,26-02-2011,1964.0
474,27-02-2011,2261.0
475,28-02-2011,1932.0
476,01-03-2011,1660.0
477,02-03-2011,2974.0
478,03-03-2011,3002.0
479,04-03-2011,2119.0
480,05-03-2011,1946.0
481,06-03-2011,1918.0
482,07-03-2011,2120.0
483,08-03-2011,2530.0
484,09-03-2011,1787.0
485,10-03-2011,1491.0
486,11-03-2011,2107.0
487,12-03-2011,2812.0
488,13-03-2011,2475.0
489,14-03-2011,2981.0
490,15-03-2011,2499.0
491,16-03-2011,3237.0
492,17-03-2011,3188.0
493,18-03-2011,2759.0
494,19-03-2011,3114.0
495,20-03-2011,2674.0
496,21-03-2011,7322.0
497,22-03-2011,2301.0
498,23-03-2011,4368.0
499,24-03-2011,2218.0
500,25-03-2011,2087.0
501,26-03-2011,2987.0
502,27-03-2011,2272.0
503,28-03-2011,3420.0
504,29-03-2011,2915.0
505,30-03-2011,1625.0
506,31-03-2011,2206.0
507,01-04-2011,1573.0
508,02-04-2011,1804.0
509,03-04-2011,1603.0
510,04-04-2011,2327.0
511,05-04-2011,2272.0
512,06-04-2011,1768.0
513,07-04-2011,1842.0
514,08-04-2011,1700.0
515,09-04-2011,1749.0
516,10-04-2011,1653.0
517,11-04-2011,1879.0
518,12-04-2011,2019.0
519,13-04-2011,2480.0
520,14-04-2011,2968.0
521,15-04-2011,2001.0
522,16-04-2011,1980.0
523,17-04-2011,2320.0
524,18-04-2011,2711.0
525,19-04-2011,3567.0
526,20-04-2011,3173.0
527,21-04-2011,1912.0
528,22-04-2011,2262.0
529,23-04-2011,2100.0
530,24-04-2011,2496.0
531,25-04-2011,2516.0
532,26-04-2011,2753.0
533,27-04-2011,4550.0
534,28-04-2011,3618.0
535,29-04-2011,3474.0
536,30-04-2011,4022.0
537,01-05-2011,4648.0
538,02-05-2011,2519.0
539,03-05-2011,3235.0
540,04-05-2011,2967.0
541,05-05-2011,3399.0
542,06-05-2011,3249.0
543,07-05-2011,3889.0
544,08-05-2011,2777.0
545,09-05-2011,3560.0
546,10-05-2011,3147.0
547,11-05-2011,3272.0
548,12-05-2011,2636.0
549,13-05-2011,4404.0
550,14-05-2011,4349.0
551,15-05-2011,3990.0
552,16-05-2011,4160.0
553,17-05-2011,4355.0
554,18-05-2011,4997.0
555,19-05-2011,5131.0
556,20-05-2011,4803.0
557,21-05-2011,4822.0
558,22-05-2011,5447.0
559,23-05-2011,5775.0
560,24-05-2011,5562.0
561,25-05-2011,6172.0
562,26-05-2011,6818.0
563,27-05-2011,5491.0
564,28-05-2011,5054.0
565,29-05-2011,4725.0
566,30-05-2011,4835.0
567,31-05-2011,6203.0
568,01-06-2011,6069.0
569,02-06-2011,7157.0
570,03-06-2011,8374.0
571,04-06-2011,8773.0
572,05-06-2011,8161.0
573,06-06-2011,9808.0
574,07-06-2011,8704.0
575,08-06-2011,11394.0
576,09-06-2011,12167.0
577,10-06-2011,11233.0
578,11-06-2011,11162.0
579,12-06-2011,11668.0
580,13-06-2011,12238.0
581,14-06-2011,12602.0
582,15-06-2011,14172.0
583,16-06-2011,11777.0
584,17-06-2011,11548.0
585,18-06-2011,12025.0
586,19-06-2011,11478.0
587,20-06-2011,11278.0
588,21-06-2011,9152.0
589,22-06-2011,11810.0
590,23-06-2011,10512.0
591,24-06-2011,11134.0
592,25-06-2011,9517.0
593,26-06-2011,10298.0
594,27-06-2011,11438.0
595,28-06-2011,10892.0
596,29-06-2011,10158.0
597,30-06-2011,9885.0
598,01-07-2011,9450.0
599,02-07-2011,9454.0
600,03-07-2011,7973.0
601,04-07-2011,9495.0
602,05-07-2011,8481.0
603,06-07-2011,11053.0
604,07-07-2011,9392.0
605,08-07-2011,8211.0
606,09-07-2011,8397.0
607,10-07-2011,8057.0
608,11-07-2011,9867.0
609,12-07-2011,8795.0
610,13-07-2011,9575.0
611,14-07-2011,8419.0
612,15-07-2011,8630.0
613,16-07-2011,7821.0
614,17-07-2011,9110.0
615,18-07-2011,8185.0
616,19-07-2011,9863.0
617,20-07-2011,8545.0
618,21-07-2011,8608.0
619,22-07-2011,8437.0
620,23-07-2011,8034.0
621,24-07-2011,7866.0
622,25-07-2011,9555.0
623,26-07-2011,8401.0
624,27-07-2011,8329.0
625,28-07-2011,7818.0
626,29-07-2011,7460.0
627,30-07-2011,6854.0
628,31-07-2011,7429.0
629,01-08-2011,8032.0
630,02-08-2011,8813.0
631,03-08-2011,8054.0
632,04-08-2011,8251.0
633,05-08-2011,7308.0
634,06-08-2011,7080.0
635,07-08-2011,6725.0
636,08-08-2011,7110.0
637,09-08-2011,8638.0
638,10-08-2011,8382.0
639,11-08-2011,8116.0
640,12-08-2011,7064.0
641,13-08-2011,7386.0
642,14-08-2011,7621.0
643,15-08-2011,8347.0
644,16-08-2011,9259.0
645,17-08-2011,8128.0
646,18-08-2011,7457.0
647,19-08-2011,7787.0
648,20-08-2011,7125.0
649,21-08-2011,7355.0
650,22-08-2011,7924.0
651,23-08-2011,7425.0
652,24-08-2011,7333.0
653,25-08-2011,7082.0
654,26-08-2011,7479.0
655,27-08-2011,6988.0
656,28-08-2011,5453.0
657,29-08-2011,7807.0
658,30-08-2011,7846.0
659,31-08-2011,7280.0
660,01-09-2011,7222.0
661,02-09-2011,6917.0
662,03-09-2011,6325.0
663,04-09-2011,6612.0
664,05-09-2011,7281.0
665,06-09-2011,7705.0
666,07-09-2011,7178.0
667,08-09-2011,6481.0
668,09-09-2011,7266.0
669,10-09-2011,6453.0
670,11-09-2011,6301.0
671,12-09-2011,6422.0
672,13-09-2011,6564.0
673,14-09-2011,6515.0
674,15-09-2011,6040.0
675,16-09-2011,6042.0
676,17-09-2011,6181.0
677,18-09-2011,5775.0
678,19-09-2011,6272.0
679,20-09-2011,7420.0
680,21-09-2011,8078.0
681,22-09-2011,6808.0
682,23-09-2011,5820.0
683,24-09-2011,6231.0
684,25-09-2011,5671.0
685,26-09-2011,5917.0
686,27-09-2011,6055.0
687,28-09-2011,5795.0
688,29-09-2011,5709.0
689,30-09-2011,5762.0
690,01-10-2011,5584.0
691,02-10-2011,5145.0
692,03-10-2011,6273.0
693,04-10-2011,5316.0
694,05-10-2011,6218.0
695,06-10-2011,6004.0
696,07-10-2011,5509.0
697,08-10-2011,5604.0
698,09-10-2011,5623.0
699,10-10-2011,5530.0
700,11-10-2011,5846.0
701,12-10-2011,6498.0
702,13-10-2011,4739.0
703,14-10-2011,5676.0
704,15-10-2011,6080.0
705,16-10-2011,4878.0
706,17-10-2011,5593.0
707,18-10-2011,5562.0
708,19-10-2011,4810.0
709,20-10-2011,4708.0
710,21-10-2011,5357.0
711,22-10-2011,4820.0
712,23-10-2011,5451.0
713,24-10-2011,5919.0
714,25-10-2011,5282.0
715,26-10-2011,5307.0
716,27-10-2011,4739.0
717,28-10-2011,5111.0
718,29-10-2011,5826.0
719,30-10-2011,4888.0
720,31-10-2011,4956.0
721,01-11-2011,5885.0
722,02-11-2011,5750.0
723,03-11-2011,5746.0
724,04-11-2011,6662.0
725,05-11-2011,6575.0
726,06-11-2011,5021.0
727,07-11-2011,5329.0
728,08-11-2011,5748.0
729,09-11-2011,6627.0
730,10-11-2011,6364.0
731,11-11-2011,5439.0
732,12-11-2011,5346.0
733,13-11-2011,5088.0
734,14-11-2011,5620.0
735,15-11-2011,6442.0
736,16-11-2011,5855.0
737,17-11-2011,5596.0
738,18-11-2011,4818.0
739,19-11-2011,4909.0
740,20-11-2011,4796.0
741,21-11-2011,5044.0
742,22-11-2011,5371.0
743,23-11-2011,5620.0
744,24-11-2011,5020.0
745,25-11-2011,5374.0
746,26-11-2011,5004.0
747,27-11-2011,4794.0
748,28-11-2011,5925.0
749,29-11-2011,6529.0
750,30-11-2011,6332.0
751,01-12-2011,6735.0
752,02-12-2011,6316.0
753,03-12-2011,5533.0
754,04-12-2011,5290.0
755,05-12-2011,6347.0
756,06-12-2011,7021.0
757,07-12-2011,7119.0
758,08-12-2011,5787.0
759,09-12-2011,5686.0
760,10-12-2011,5794.0
761,11-12-2011,5240.0
762,12-12-2011,4924.0
763,13-12-2011,5515.0
764,14-12-2011,5125.0
765,15-12-2011,5476.0
766,16-12-2011,5319.0
767,17-12-2011,4819.0
768,18-12-2011,4615.0
769,19-12-2011,5200.0
770,20-12-2011,6684.0
771,21-12-2011,5667.0
772,22-12-2011,5818.0
773,23-12-2011,5740.0
774,24-12-2011,4676.0
775,25-12-2011,5307.0
776,26-12-2011,5381.0
777,27-12-2011,5571.0
778,28-12-2011,4969.0
779,29-12-2011,5023.0
780,30-12-2011,5024.0
781,31-12-2011,5357.0
782,01-01-2012,4523.0
783,02-01-2012,5809.0
784,03-01-2012,5544.0
785,04-01-2012,5636.0
786,05-01-2012,6917.0
787,06-01-2012,6361.0
788,07-01-2012,6211.0
789,08-01-2012,6290.0
790,09-01-2012,5999.0
791,10-01-2012,6589.0
792,11-01-2012,7168.0
793,12-01-2012,6943.0
794,13-01-2012,6824.0
795,14-01-2012,6734.0
796,15-01-2012,6675.0
797,16-01-2012,6685.0
798,17-01-2012,6545.0
799,18-01-2012,7215.0
800,19-01-2012,6464.0
801,20-01-2012,6718.0
802,21-01-2012,6771.0
803,22-01-2012,5259.0
804,23-01-2012,5984.0
805,24-01-2012,6817.0
806,25-01-2012,8017.0
807,26-01-2012,6736.0
808,27-01-2012,6544.0
809,28-01-2012,6095.0
810,29-01-2012,6464.0
811,30-01-2012,6019.0
812,31-01-2012,6469.0
813,01-02-2012,6900.0
814,02-02-2012,6955.0
815,03-02-2012,6943.0
816,04-02-2012,7597.0
817,05-02-2012,6616.0
818,06-02-2012,6500.0
819,07-02-2012,6799.0
820,08-02-2012,6619.0
821,09-02-2012,7259.0
822,10-02-2012,8642.0
823,11-02-2012,7624.0
824,12-02-2012,7405.0
825,13-02-2012,7514.0
826,14-02-2012,9710.0
827,15-02-2012,9511.0
828,16-02-2012,9286.0
829,17-02-2012,7128.0
830,18-02-2012,6676.0
831,19-02-2012,5932.0
832,20-02-2012,6118.0
833,21-02-2012,6348.0
834,22-02-2012,7124.0
835,23-02-2012,7881.0
836,24-02-2012,7203.0
837,25-02-2012,6588.0
838,26-02-2012,5851.0
839,27-02-2012,6475.0
840,28-02-2012,6627.0
841,29-02-2012,6825.0
842,01-03-2012,6713.0
843,02-03-2012,7696.0
844,03-03-2012,5701.0
845,04-03-2012,6017.0
846,05-03-2012,6729.0
847,06-03-2012,6713.0
848,07-03-2012,6574.0
849,08-03-2012,6635.0
850,09-03-2012,6478.0
851,10-03-2012,6054.0
852,11-03-2012,5174.0
853,12-03-2012,5728.0
854,13-03-2012,6805.0
855,14-03-2012,7096.0
856,15-03-2012,6577.0
857,16-03-2012,6706.0
858,17-03-2012,7473.0
859,18-03-2012,5745.0
860,19-03-2012,6679.0
861,20-03-2012,6604.0
862,21-03-2012,6980.0
863,22-03-2012,6756.0
864,23-03-2012,6293.0
865,24-03-2012,6461.0
866,25-03-2012,6249.0
867,26-03-2012,6469.0
868,27-03-2012,6346.0
869,28-03-2012,7134.0
870,29-03-2012,7526.0
871,30-03-2012,7174.0
872,31-03-2012,6286.0
873,01-04-2012,5619.0
874,02-04-2012,6086.0
875,03-04-2012,7539.0
876,04-04-2012,7479.0
877,05-04-2012,6977.0
878,06-04-2012,7000.0
879,07-04-2012,6152.0
880,08-04-2012,6061.0
881,09-04-2012,6045.0
882,10-04-2012,8435.0
883,11-04-2012,7485.0
884,12-04-2012,8513.0
885,13-04-2012,7549.0
886,14-04-2012,7935.0
887,15-04-2012,7313.0
888,16-04-2012,7846.0
889,17-04-2012,8354.0
890,18-04-2012,8145.0
891,19-04-2012,8023.0
892,20-04-2012,8016.0
893,21-04-2012,7770.0
894,22-04-2012,6768.0
895,23-04-2012,6845.0
896,24-04-2012,7395.0
897,25-04-2012,7746.0
898,26-04-2012,10043.0
899,27-04-2012,7066.0
900,28-04-2012,7173.0
901,29-04-2012,8050.0
902,30-04-2012,9064.0
903,01-05-2012,10070.0
904,02-05-2012,9373.0
905,03-05-2012,12283.0
906,04-05-2012,14376.0
907,05-05-2012,13590.0
908,06-05-2012,12416.0
909,07-05-2012,16283.0
910,08-05-2012,17176.0
911,09-05-2012,18865.0
912,10-05-2012,12723.0
913,11-05-2012,14196.0
914,12-05-2012,22055.0
915,13-05-2012,14084.0
916,14-05-2012,28010.0
917,15-05-2012,20817.0
918,16-05-2012,19677.0
919,17-05-2012,14892.0
920,18-05-2012,21758.0
921,19-05-2012,38132.0
922,20-05-2012,33328.0
923,21-05-2012,29133.0
924,22-05-2012,25323.0
925,23-05-2012,26784.0
926,24-05-2012,26020.0
927,25-05-2012,29007.0
928,26-05-2012,23982.0
929,27-05-2012,22251.0
930,28-05-2012,32526.0
931,29-05-2012,31160.0
932,30-05-2012,25743.0
933,31-05-2012,20951.0
934,01-06-2012,24713.0
935,02-06-2012,18570.0
936,03-06-2012,26654.0
937,04-06-2012,44984.0
938,05-06-2012,45318.0
939,06-06-2012,18275.0
940,07-06-2012,30567.0
941,08-06-2012,26974.0
942,09-06-2012,31523.0
943,10-06-2012,39328.0
944,11-06-2012,35275.0
945,12-06-2012,20796.0
946,13-06-2012,52040.0
947,14-06-2012,56997.0
948,15-06-2012,57407.0
949,16-06-2012,49313.0
950,17-06-2012,40290.0
951,18-06-2012,39028.0
952,19-06-2012,38108.0
953,20-06-2012,33475.0
954,21-06-2012,26501.0
955,22-06-2012,25550.0
956,23-06-2012,21659.0
957,24-06-2012,21880.0
958,25-06-2012,25985.0
959,26-06-2012,32547.0
960,27-06-2012,30636.0
961,28-06-2012,27315.0
962,29-06-2012,22339.0
963,30-06-2012,23608.0
964,01-07-2012,18834.0
965,02-07-2012,25272.0
966,03-07-2012,22946.0
967,04-07-2012,21992.0
968,05-07-2012,22045.0
969,06-07-2012,21962.0
970,07-07-2012,26129.0
971,08-07-2012,21697.0
972,09-07-2012,25293.0
973,10-07-2012,33442.0
974,11-07-2012,30165.0
975,12-07-2012,26493.0
976,13-07-2012,23441.0
977,14-07-2012,25417.0
978,15-07-2012,25886.0
979,16-07-2012,30561.0
980,17-07-2012,34693.0
981,18-07-2012,30733.0
982,19-07-2012,31077.0
983,20-07-2012,35383.0
984,21-07-2012,37598.0
985,22-07-2012,29975.0
986,23-07-2012,35901.0
987,24-07-2012,29945.0
988,25-07-2012,29127.0
989,26-07-2012,30652.0
990,27-07-2012,26430.0
991,28-07-2012,33187.0
992,29-07-2012,32788.0
993,30-07-2012,38204.0
994,31-07-2012,36163.0
995,01-08-2012,34163.0
996,02-08-2012,32475.0
997,03-08-2012,29356.0
998,04-08-2012,28166.0
999,05-08-2012,32003.0
1000,06-08-2012,35960.0
1001,07-08-2012,28636.0
1002,08-08-2012,38855.0
1003,09-08-2012,33117.0
1004,10-08-2012,27362.0
1005,11-08-2012,29979.0
1006,12-08-2012,33751.0
1007,13-08-2012,49678.0
1008,14-08-2012,37605.0
1009,15-08-2012,49070.0
1010,16-08-2012,49165.0
1011,17-08-2012,40897.0
1012,18-08-2012,38770.0
1013,19-08-2012,35022.0
1014,20-08-2012,36248.0
1015,21-08-2012,40494.0
1016,22-08-2012,40634.0
1017,23-08-2012,31765.0
1018,24-08-2012,30969.0
1019,25-08-2012,35491.0
1020,26-08-2012,30525.0
1021,27-08-2012,31308.0
1022,28-08-2012,30838.0
1023,29-08-2012,33804.0
1024,30-08-2012,31360.0
1025,31-08-2012,41495.0
1026,01-09-2012,41940.0
1027,02-09-2012,31268.0
1028,03-09-2012,41066.0
1029,04-09-2012,36940.0
1030,05-09-2012,41414.0
1031,06-09-2012,44218.0
1032,07-09-2012,32477.0
1033,08-09-2012,34359.0
1034,09-09-2012,30076.0
1035,10-09-2012,32055.0
1036,11-09-2012,37813.0
1037,12-09-2012,30406.0
1038,13-09-2012,27899.0
1039,14-09-2012,35146.0
1040,15-09-2012,30340.0
1041,16-09-2012,27351.0
1042,17-09-2012,25423.0
1043,18-09-2012,31313.0
1044,19-09-2012,32119.0
1045,20-09-2012,33825.0
1046,21-09-2012,29957.0
1047,22-09-2012,23847.0
1048,23-09-2012,24195.0
1049,24-09-2012,31279.0
1050,25-09-2012,23775.0
1051,26-09-2012,31886.0
1052,27-09-2012,30194.0
1053,28-09-2012,29898.0
1054,29-09-2012,26409.0
1055,30-09-2012,21143.0
1056,01-10-2012,23803.0
1057,02-10-2012,28543.0
1058,03-10-2012,32185.0
1059,04-10-2012,29518.0
1060,05-10-2012,34409.0
1061,06-10-2012,35662.0
1062,07-10-2012,31676.0
1063,08-10-2012,38366.0
1064,09-10-2012,35903.0
1065,10-10-2012,32255.0
1066,11-10-2012,30081.0
1067,12-10-2012,24200.0
1068,13-10-2012,37278.0
1069,14-10-2012,26981.0
1070,15-10-2012,29690.0
1071,16-10-2012,33464.0
1072,17-10-2012,32774.0
1073,18-10-2012,28432.0
1074,19-10-2012,28470.0
1075,20-10-2012,27673.0
1076,21-10-2012,39774.0
1077,22-10-2012,35647.0
1078,23-10-2012,40115.0
1079,24-10-2012,33568.0
1080,25-10-2012,28126.0
1081,26-10-2012,22540.0
1082,27-10-2012,17488.0
1083,28-10-2012,17381.0
1084,29-10-2012,19144.0
1085,30-10-2012,29930.0
1086,31-10-2012,28602.0
1087,01-11-2012,25458.0
1088,02-11-2012,27498.0
1089,03-11-2012,25264.0
1090,04-11-2012,22692.0
1091,05-11-2012,32202.0
1092,06-11-2012,28059.0
1093,07-11-2012,37442.0
1094,08-11-2012,34985.0
1095,09-11-2012,26851.0
1096,10-11-2012,26595.0
1097,11-11-2012,23728.0
1098,12-11-2012,24652.0
1099,13-11-2012,24841.0
1100,14-11-2012,29221.0
1101,15-11-2012,37743.0
1102,16-11-2012,37286.0
1103,17-11-2012,34273.0
1104,18-11-2012,33144.0
1105,19-11-2012,35160.0
1106,20-11-2012,37561.0
1107,21-11-2012,41245.0
1108,22-11-2012,32931.0
1109,23-11-2012,31482.0
1110,24-11-2012,29169.0
1111,25-11-2012,34821.0
1112,26-11-2012,34810.0
1113,27-11-2012,29528.0
1114,28-11-2012,36521.0
1115,29-11-2012,39050.0
1116,30-11-2012,28363.0
1117,01-12-2012,37722.0
1118,02-12-2012,20555.0
1119,03-12-2012,22407.0
1120,04-12-2012,28050.0
1121,05-12-2012,33176.0
1122,06-12-2012,37201.0
1123,07-12-2012,32887.0
1124,08-12-2012,31857.0
1125,09-12-2012,32838.0
1126,10-12-2012,38474.0
1127,11-12-2012,36341.0
1128,12-12-2012,35322.0
1129,13-12-2012,40260.0
1130,14-12-2012,41397.0
1131,15-12-2012,33526.0
1132,16-12-2012,33989.0
1133,17-12-2012,40828.0
1134,18-12-2012,46590.0
1135,19-12-2012,49016.0
1136,20-12-2012,36133.0
1137,21-12-2012,40658.0
1138,22-12-2012,52012.0
1139,23-12-2012,39228.0
1140,24-12-2012,37099.0
1141,25-12-2012,27560.0
1142,26-12-2012,35740.0
1143,27-12-2012,43119.0
1144,28-12-2012,47514.0
1145,29-12-2012,39248.0
1146,30-12-2012,43751.0
1147,31-12-2012,34228.0
1148,01-01-2013,28620.0
1149,02-01-2013,38986.0
1150,03-01-2013,41413.0
1151,04-01-2013,49926.0
1152,05-01-2013,38931.0
1153,06-01-2013,34519.0
1154,07-01-2013,40860.0
1155,08-01-2013,35390.0
1156,09-01-2013,43335.0
1157,10-01-2013,51393.0
1158,11-01-2013,54662.0
1159,12-01-2013,46836.0
1160,13-01-2013,46837.0
1161,14-01-2013,43799.0
1162,15-01-2013,45653.0
1163,16-01-2013,52197.0
1164,17-01-2013,48021.0
1165,18-01-2013,50896.0
1166,19-01-2013,56455.0
1167,20-01-2013,41636.0
1168,21-01-2013,41357.0
1169,22-01-2013,40199.0
1170,23-01-2013,48267.0
1171,24-01-2013,46607.0
1172,25-01-2013,46045.0
1173,26-01-2013,53420.0
1174,27-01-2013,53451.0
1175,28-01-2013,52321.0
1176,29-01-2013,53617.0
1177,30-01-2013,45810.0
1178,31-01-2013,46104.0
1179,01-02-2013,56756.0
1180,02-02-2013,58834.0
1181,03-02-2013,56212.0
1182,04-02-2013,57480.0
1183,05-02-2013,53445.0
1184,06-02-2013,44783.0
1185,07-02-2013,58215.0
1186,08-02-2013,65928.0
1187,09-02-2013,50847.0
1188,10-02-2013,57363.0
1189,11-02-2013,58835.0
1190,12-02-2013,58851.0
1191,13-02-2013,57398.0
1192,14-02-2013,53849.0
1193,15-02-2013,57505.0
1194,16-02-2013,51218.0
1195,17-02-2013,50400.0
1196,18-02-2013,46318.0
1197,19-02-2013,55598.0
1198,20-02-2013,57613.0
1199,21-02-2013,58996.0
1200,22-02-2013,58920.0
1201,23-02-2013,59386.0
1202,24-02-2013,57795.0
1203,25-02-2013,65164.0
1204,26-02-2013,62005.0
1205,27-02-2013,62952.0
1206,28-02-2013,60993.0
1207,01-03-2013,65797.0
1208,02-03-2013,60659.0
1209,03-03-2013,49631.0
1210,04-03-2013,64257.0
1211,05-03-2013,56039.0
1212,06-03-2013,66437.0
1213,07-03-2013,62423.0
1214,08-03-2013,64814.0
1215,09-03-2013,47671.0
1216,10-03-2013,71330.0
1217,11-03-2013,67610.0
1218,12-03-2013,44410.0
1219,13-03-2013,56177.0
1220,14-03-2013,58832.0
1221,15-03-2013,60064.0
1222,16-03-2013,43349.0
1223,17-03-2013,34164.0
1224,18-03-2013,39391.0
1225,19-03-2013,48705.0
1226,20-03-2013,42579.0
1227,21-03-2013,53840.0
1228,22-03-2013,60129.0
1229,23-03-2013,58002.0
1230,24-03-2013,49834.0
1231,25-03-2013,51011.0
1232,26-03-2013,47247.0
1233,27-03-2013,51993.0
1234,28-03-2013,57170.0
1235,29-03-2013,66205.0
1236,30-03-2013,59787.0
1237,31-03-2013,44586.0
1238,01-04-2013,52469.0
1239,02-04-2013,60268.0
1240,03-04-2013,65172.0
1241,04-04-2013,69048.0
1242,05-04-2013,56063.0
1243,06-04-2013,57200.0
1244,07-04-2013,58820.0
1245,08-04-2013,63470.0
1246,09-04-2013,61429.0
1247,10-04-2013,68820.0
1248,11-04-2013,67725.0
1249,12-04-2013,60395.0
1250,13-04-2013,55361.0
1251,14-04-2013,53417.0
1252,15-04-2013,55211.0
1253,16-04-2013,65797.0
1254,17-04-2013,56164.0
1255,18-04-2013,52605.0
1256,19-04-2013,57863.0
1257,20-04-2013,48016.0
1258,21-04-2013,45154.0
1259,22-04-2013,46737.0
1260,23-04-2013,57304.0
1261,24-04-2013,67982.0
1262,25-04-2013,61214.0
1263,26-04-2013,56533.0
1264,27-04-2013,48325.0
1265,28-04-2013,40986.0
1266,29-04-2013,50009.0
1267,30-04-2013,48795.0
1268,01-05-2013,50437.0
1269,02-05-2013,57278.0
1270,03-05-2013,55859.0
1271,04-05-2013,48349.0
1272,05-05-2013,49419.0
1273,06-05-2013,51244.0
1274,07-05-2013,59215.0
1275,08-05-2013,47359.0
1276,09-05-2013,66370.0
1277,10-05-2013,67937.0
1278,11-05-2013,70410.0
1279,12-05-2013,69320.0
1280,13-05-2013,62190.0
1281,14-05-2013,63287.0
1282,15-05-2013,66411.0
1283,16-05-2013,60543.0
1284,17-05-2013,60896.0
1285,18-05-2013,51982.0
1286,19-05-2013,47090.0
1287,20-05-2013,50093.0
1288,21-05-2013,54664.0
1289,22-05-2013,53981.0
1290,23-05-2013,54824.0
1291,24-05-2013,55106.0
1292,25-05-2013,55836.0
1293,26-05-2013,39879.0
1294,27-05-2013,52377.0
1295,28-05-2013,55138.0
1296,29-05-2013,54919.0
1297,30-05-2013,57170.0
1298,31-05-2013,57616.0
1299,01-06-2013,52390.0
1300,02-06-2013,51011.0
1301,03-06-2013,52048.0
1302,04-06-2013,60118.0
1303,05-06-2013,54947.0
1304,06-06-2013,55918.0
1305,07-06-2013,54331.0
1306,08-06-2013,47973.0
1307,09-06-2013,46237.0
1308,10-06-2013,42406.0
1309,11-06-2013,51208.0
1310,12-06-2013,46417.0
1311,13-06-2013,43302.0
1312,14-06-2013,48124.0
1313,15-06-2013,41531.0
1314,16-06-2013,40076.0
1315,17-06-2013,43399.0
1316,18-06-2013,47025.0
1317,19-06-2013,46903.0
1318,20-06-2013,49440.0
1319,21-06-2013,52994.0
1320,22-06-2013,42571.0
1321,23-06-2013,40634.0
1322,24-06-2013,40963.0
1323,25-06-2013,45588.0
1324,26-06-2013,45576.0
1325,27-06-2013,46797.0
1326,28-06-2013,48324.0
1327,29-06-2013,38973.0
1328,30-06-2013,32994.0
1329,01-07-2013,34053.0
1330,02-07-2013,43264.0
1331,03-07-2013,35351.0
1332,04-07-2013,34560.0
1333,05-07-2013,36291.0
1334,06-07-2013,36979.0
1335,07-07-2013,28865.0
1336,08-07-2013,36912.0
1337,09-07-2013,41777.0
1338,10-07-2013,39340.0
1339,11-07-2013,41040.0
1340,12-07-2013,50045.0
1341,13-07-2013,40313.0
1342,14-07-2013,34150.0
1343,15-07-2013,36738.0
1344,16-07-2013,38784.0
1345,17-07-2013,39565.0
1346,18-07-2013,41257.0
1347,19-07-2013,38020.0
1348,20-07-2013,33626.0
1349,21-07-2013,36884.0
1350,22-07-2013,37257.0
1351,23-07-2013,39644.0
1352,24-07-2013,39963.0
1353,25-07-2013,42304.0
1354,26-07-2013,41428.0
1355,27-07-2013,35987.0
1356,28-07-2013,33111.0
1357,29-07-2013,44260.0
1358,30-07-2013,39998.0
1359,31-07-2013,51919.0
1360,01-08-2013,45823.0
1361,02-08-2013,53174.0
1362,03-08-2013,49065.0
1363,04-08-2013,44605.0
1364,05-08-2013,47903.0
1365,06-08-2013,52260.0
1366,07-08-2013,57225.0
1367,08-08-2013,57036.0
1368,09-08-2013,53241.0
1369,10-08-2013,52040.0
1370,11-08-2013,41059.0
1371,12-08-2013,45811.0
1372,13-08-2013,53484.0
1373,14-08-2013,50484.0
1374,15-08-2013,59029.0
1375,16-08-2013,68301.0
1376,17-08-2013,59253.0
1377,18-08-2013,53134.0
1378,19-08-2013,69938.0
1379,20-08-2013,66539.0
1380,21-08-2013,63416.0
1381,22-08-2013,62772.0
1382,23-08-2013,59969.0
1383,24-08-2013,51085.0
1384,25-08-2013,45094.0
1385,26-08-2013,53528.0
1386,27-08-2013,61016.0
1387,28-08-2013,63645.0
1388,29-08-2013,61525.0
1389,30-08-2013,60716.0
1390,31-08-2013,52533.0
1391,01-09-2013,45578.0
1392,02-09-2013,50456.0
1393,03-09-2013,50503.0
1394,04-09-2013,51136.0
1395,05-09-2013,60222.0
1396,06-09-2013,63412.0
1397,07-09-2013,54231.0
1398,08-09-2013,46470.0
1399,09-09-2013,54966.0
1400,10-09-2013,53551.0
1401,11-09-2013,49512.0
1402,12-09-2013,50982.0
1403,13-09-2013,48362.0
1404,14-09-2013,47147.0
1405,15-09-2013,46764.0
1406,16-09-2013,50391.0
1407,17-09-2013,66291.0
1408,18-09-2013,64383.0
1409,19-09-2013,59004.0
1410,20-09-2013,58990.0
1411,21-09-2013,53286.0
1412,22-09-2013,52686.0
1413,23-09-2013,60286.0
1414,24-09-2013,63563.0
1415,25-09-2013,58150.0
1416,26-09-2013,54262.0
1417,27-09-2013,50429.0
1418,28-09-2013,44660.0
1419,29-09-2013,41741.0
1420,30-09-2013,42073.0
1421,01-10-2013,55320.0
1422,02-10-2013,60542.0
1423,03-10-2013,61708.0
1424,04-10-2013,54796.0
1425,05-10-2013,47895.0
1426,06-10-2013,44751.0
1427,07-10-2013,43235.0
1428,08-10-2013,42865.0
1429,09-10-2013,46991.0
1430,10-10-2013,57769.0
1431,11-10-2013,54449.0
1432,12-10-2013,49674.0
1433,13-10-2013,51248.0
1434,14-10-2013,55763.0
1435,15-10-2013,57320.0
1436,16-10-2013,51947.0
1437,17-10-2013,45193.0
1438,18-10-2013,60446.0
1439,19-10-2013,54639.0
1440,20-10-2013,49864.0
1441,21-10-2013,58142.0
1442,22-10-2013,64906.0
1443,23-10-2013,54572.0
1444,24-10-2013,63265.0
1445,25-10-2013,59853.0
1446,26-10-2013,49353.0
1447,27-10-2013,44388.0
1448,28-10-2013,48635.0
1449,29-10-2013,51237.0
1450,30-10-2013,47911.0
1451,31-10-2013,56476.0
1452,01-11-2013,48306.0
1453,02-11-2013,41179.0
1454,03-11-2013,35815.0
1455,04-11-2013,42094.0
1456,05-11-2013,51134.0
1457,06-11-2013,55035.0
1458,07-11-2013,58631.0
1459,08-11-2013,59961.0
1460,09-11-2013,57804.0
1461,10-11-2013,57169.0
1462,11-11-2013,54558.0
1463,12-11-2013,58510.0
1464,13-11-2013,63151.0
1465,14-11-2013,70175.0
1466,15-11-2013,62100.0
1467,16-11-2013,51595.0
1468,17-11-2013,48041.0
1469,18-11-2013,73198.0
1470,19-11-2013,93322.0
1471,20-11-2013,77962.0
1472,21-11-2013,71024.0
1473,22-11-2013,76646.0
1474,23-11-2013,75165.0
1475,24-11-2013,60018.0
1476,25-11-2013,71937.0
1477,26-11-2013,80055.0
1478,27-11-2013,91169.0
1479,28-11-2013,102010.0
1480,29-11-2013,90409.0
1481,30-11-2013,80868.0
1482,01-12-2013,67175.0
1483,02-12-2013,74324.0
1484,03-12-2013,78202.0
1485,04-12-2013,79738.0
1486,05-12-2013,84995.0
1487,06-12-2013,71277.0
1488,07-12-2013,75125.0
1489,08-12-2013,49174.0
1490,09-12-2013,57289.0
1491,10-12-2013,67874.0
1492,11-12-2013,68381.0
1493,12-12-2013,59677.0
1494,13-12-2013,59827.0
1495,14-12-2013,55858.0
1496,15-12-2013,51885.0
1497,16-12-2013,63090.0
1498,17-12-2013,71588.0
1499,18-12-2013,81656.0
1500,19-12-2013,68814.0
1501,20-12-2013,69475.0
1502,21-12-2013,59140.0
1503,22-12-2013,51543.0
1504,23-12-2013,52033.0
1505,24-12-2013,56872.0
1506,25-12-2013,57077.0
1507,26-12-2013,48575.0
1508,27-12-2013,55170.0
1509,28-12-2013,47777.0
1510,29-12-2013,49031.0
1511,30-12-2013,56501.0
1512,31-12-2013,52382.0
1513,01-01-2014,41476.0
1514,02-01-2014,48424.0
1515,03-01-2014,63821.0
1516,04-01-2014,53978.0
1517,05-01-2014,55761.0
1518,06-01-2014,67597.0
1519,07-01-2014,62126.0
1520,08-01-2014,62884.0
1521,09-01-2014,58365.0
1522,10-01-2014,56746.0
1523,11-01-2014,56464.0
1524,12-01-2014,49308.0
1525,13-01-2014,54756.0
1526,14-01-2014,55579.0
1527,15-01-2014,60392.0
1528,16-01-2014,57592.0
1529,17-01-2014,58397.0
1530,18-01-2014,53290.0
1531,19-01-2014,49224.0
1532,20-01-2014,58819.0
1533,21-01-2014,71521.0
1534,22-01-2014,66358.0
1535,23-01-2014,63527.0
1536,24-01-2014,67893.0
1537,25-01-2014,55371.0
1538,26-01-2014,51630.0
1539,27-01-2014,60746.0
1540,28-01-2014,65687.0
1541,29-01-2014,61786.0
1542,30-01-2014,60919.0
1543,31-01-2014,61999.0
1544,01-02-2014,56840.0
1545,02-02-2014,50400.0
1546,03-02-2014,58901.0
1547,04-02-2014,65812.0
1548,05-02-2014,67952.0
1549,06-02-2014,69721.0
1550,07-02-2014,71870.0
1551,08-02-2014,64069.0
1552,09-02-2014,59284.0
1553,10-02-2014,67622.0
1554,11-02-2014,62872.0
1555,12-02-2014,62805.0
1556,13-02-2014,66888.0
1557,14-02-2014,76660.0
1558,15-02-2014,64107.0
1559,16-02-2014,56785.0
1560,17-02-2014,57119.0
1561,18-02-2014,68333.0
1562,19-02-2014,66351.0
1563,20-02-2014,71666.0
1564,21-02-2014,73513.0
1565,22-02-2014,59691.0
1566,23-02-2014,58632.0
1567,24-02-2014,68496.0
1568,25-02-2014,84004.0
1569,26-02-2014,71527.0
1570,27-02-2014,71447.0
1571,28-02-2014,71658.0
1572,01-03-2014,63344.0
1573,02-03-2014,59067.0
1574,03-03-2014,72585.0
1575,04-03-2014,85916.0
1576,05-03-2014,74178.0
1577,06-03-2014,71619.0
1578,07-03-2014,69559.0
1579,08-03-2014,71019.0
1580,09-03-2014,61289.0
1581,10-03-2014,66786.0
1582,11-03-2014,76086.0
1583,12-03-2014,76019.0
1584,13-03-2014,75356.0
1585,14-03-2014,68735.0
1586,15-03-2014,65898.0
1587,16-03-2014,58730.0
1588,17-03-2014,64937.0
1589,18-03-2014,57881.0
1590,19-03-2014,67419.0
1591,20-03-2014,72117.0
1592,21-03-2014,73981.0
1593,22-03-2014,69139.0
1594,23-03-2014,56822.0
1595,24-03-2014,67382.0
1596,25-03-2014,72484.0
1597,26-03-2014,69897.0
1598,27-03-2014,70940.0
1599,28-03-2014,69155.0
1600,29-03-2014,54949.0
1601,30-03-2014,55333.0
1602,31-03-2014,63096.0
1603,01-04-2014,64692.0
1604,02-04-2014,66756.0
1605,03-04-2014,67292.0
1606,04-04-2014,65578.0
1607,05-04-2014,59610.0
1608,06-04-2014,47456.0
1609,07-04-2014,62222.0
1610,08-04-2014,70101.0
1611,09-04-2014,64278.0
1612,10-04-2014,69074.0
1613,11-04-2014,66874.0
1614,12-04-2014,51907.0
1615,13-04-2014,49420.0
1616,14-04-2014,64331.0
1617,15-04-2014,74882.0
1618,16-04-2014,68402.0
1619,17-04-2014,67212.0
1620,18-04-2014,56600.0
1621,19-04-2014,56685.0
1622,20-04-2014,49394.0
1623,21-04-2014,57961.0
1624,22-04-2014,73292.0
1625,23-04-2014,72147.0
1626,24-04-2014,67659.0
1627,25-04-2014,78038.0
1628,26-04-2014,58437.0
1629,27-04-2014,50392.0
1630,28-04-2014,62886.0
1631,29-04-2014,64207.0
1632,30-04-2014,63947.0
1633,01-05-2014,60910.0
1634,02-05-2014,60401.0
1635,03-05-2014,56112.0
1636,04-05-2014,51251.0
1637,05-05-2014,63433.0
1638,06-05-2014,76736.0
1639,07-05-2014,70424.0
1640,08-05-2014,68393.0
1641,09-05-2014,67693.0
1642,10-05-2014,59795.0
1643,11-05-2014,51666.0
1644,12-05-2014,70064.0
1645,13-05-2014,70672.0
1646,14-05-2014,70031.0
1647,15-05-2014,72761.0
1648,16-05-2014,68893.0
1649,17-05-2014,55577.0
1650,18-05-2014,50661.0
1651,19-05-2014,60368.0
1652,20-05-2014,69552.0
1653,21-05-2014,71120.0
1654,22-05-2014,71026.0
1655,23-05-2014,74593.0
1656,24-05-2014,58146.0
1657,25-05-2014,53928.0
1658,26-05-2014,65795.0
1659,27-05-2014,67040.0
1660,28-05-2014,72377.0
1661,29-05-2014,65930.0
1662,30-05-2014,66935.0
1663,31-05-2014,55166.0
1664,01-06-2014,52976.0
1665,02-06-2014,61179.0
1666,03-06-2014,69911.0
1667,04-06-2014,66435.0
1668,05-06-2014,66695.0
1669,06-06-2014,64859.0
1670,07-06-2014,53216.0
1671,08-06-2014,47730.0
1672,09-06-2014,56017.0
1673,10-06-2014,65460.0
1674,11-06-2014,61611.0
1675,12-06-2014,61583.0
1676,13-06-2014,65091.0
1677,14-06-2014,58961.0
1678,15-06-2014,53782.0
1679,16-06-2014,65347.0
1680,17-06-2014,67270.0
1681,18-06-2014,66992.0
1682,19-06-2014,62320.0
1683,20-06-2014,59884.0
1684,21-06-2014,51831.0
1685,22-06-2014,50429.0
1686,23-06-2014,56648.0
1687,24-06-2014,64766.0
1688,25-06-2014,63760.0
1689,26-06-2014,62354.0
1690,27-06-2014,62721.0
1691,28-06-2014,56883.0
1692,29-06-2014,52251.0
1693,30-06-2014,62009.0
1694,01-07-2014,71054.0
1695,02-07-2014,67724.0
1696,03-07-2014,63272.0
1697,04-07-2014,61901.0
1698,05-07-2014,48515.0
1699,06-07-2014,53366.0
1700,07-07-2014,59986.0
1701,08-07-2014,70042.0
1702,09-07-2014,70745.0
1703,10-07-2014,64146.0
1704,11-07-2014,59949.0
1705,12-07-2014,54181.0
1706,13-07-2014,53123.0
1707,14-07-2014,59877.0
1708,15-07-2014,69471.0
1709,16-07-2014,67767.0
1710,17-07-2014,68638.0
1711,18-07-2014,62427.0
1712,19-07-2014,58490.0
1713,20-07-2014,54742.0
1714,21-07-2014,61580.0
1715,22-07-2014,66921.0
1716,23-07-2014,68901.0
1717,24-07-2014,64815.0
1718,25-07-2014,63135.0
1719,26-07-2014,57528.0
1720,27-07-2014,53055.0
1721,28-07-2014,59561.0
1722,29-07-2014,64697.0
1723,30-07-2014,64442.0
1724,31-07-2014,67721.0
1725,01-08-2014,69283.0
1726,02-08-2014,59888.0
1727,03-08-2014,52550.0
1728,04-08-2014,63052.0
1729,05-08-2014,72928.0
1730,06-08-2014,78820.0
1731,07-08-2014,70732.0
1732,08-08-2014,69125.0
1733,09-08-2014,62960.0
1734,10-08-2014,58486.0
1735,11-08-2014,70184.0
1736,12-08-2014,78844.0
1737,13-08-2014,75011.0
1738,14-08-2014,81193.0
1739,15-08-2014,69698.0
1740,16-08-2014,75339.0
1741,17-08-2014,59319.0
1742,18-08-2014,67980.0
1743,19-08-2014,75458.0
1744,20-08-2014,73098.0
1745,21-08-2014,75470.0
1746,22-08-2014,68234.0
1747,23-08-2014,60189.0
1748,24-08-2014,55023.0
1749,25-08-2014,66411.0
1750,26-08-2014,73919.0
1751,27-08-2014,74318.0
1752,28-08-2014,69208.0
1753,29-08-2014,67664.0
1754,30-08-2014,63834.0
1755,31-08-2014,59751.0
1756,01-09-2014,66205.0
1757,02-09-2014,71539.0
1758,03-09-2014,72036.0
1759,04-09-2014,70940.0
1760,05-09-2014,67048.0
1761,06-09-2014,67529.0
1762,07-09-2014,59519.0
1763,08-09-2014,71754.0
1764,09-09-2014,79868.0
1765,10-09-2014,76417.0
1766,11-09-2014,67673.0
1767,12-09-2014,66303.0
1768,13-09-2014,62609.0
1769,14-09-2014,66033.0
1770,15-09-2014,74142.0
1771,16-09-2014,89326.0
1772,17-09-2014,79784.0
1773,18-09-2014,79754.0
1774,19-09-2014,71627.0
1775,20-09-2014,62315.0
1776,21-09-2014,63151.0
1777,22-09-2014,68526.0
1778,23-09-2014,71140.0
1779,24-09-2014,81104.0
1780,25-09-2014,77564.0
1781,26-09-2014,73278.0
1782,27-09-2014,66942.0
1783,28-09-2014,62200.0
1784,29-09-2014,73283.0
1785,30-09-2014,78590.0
1786,01-10-2014,78197.0
1787,02-10-2014,74630.0
1788,03-10-2014,72698.0
1789,04-10-2014,70430.0
1790,05-10-2014,66673.0
1791,06-10-2014,75126.0
1792,07-10-2014,78745.0
1793,08-10-2014,80324.0
1794,09-10-2014,78944.0
1795,10-10-2014,84811.0
1796,11-10-2014,65724.0
1797,12-10-2014,63946.0
1798,13-10-2014,75304.0
1799,14-10-2014,81491.0
1800,15-10-2014,77131.0
1801,16-10-2014,74010.0
1802,17-10-2014,71826.0
1803,18-10-2014,69474.0
1804,19-10-2014,62664.0
1805,20-10-2014,78443.0
1806,21-10-2014,81421.0
1807,22-10-2014,79546.0
1808,23-10-2014,79173.0
1809,24-10-2014,81643.0
1810,25-10-2014,73440.0
1811,26-10-2014,70537.0
1812,27-10-2014,80135.0
1813,28-10-2014,88600.0
1814,29-10-2014,90268.0
1815,30-10-2014,93338.0
1816,31-10-2014,88062.0
1817,01-11-2014,74548.0
1818,02-11-2014,75827.0
1819,03-11-2014,84522.0
1820,04-11-2014,90386.0
1821,05-11-2014,89249.0
1822,06-11-2014,90341.0
1823,07-11-2014,89542.0
1824,08-11-2014,75950.0
1825,09-11-2014,72217.0
1826,10-11-2014,84819.0
1827,11-11-2014,87338.0
1828,12-11-2014,87769.0
1829,13-11-2014,100117.0
1830,14-11-2014,88631.0
1831,15-11-2014,74831.0
1832,16-11-2014,73338.0
1833,17-11-2014,85201.0
1834,18-11-2014,87524.0
1835,19-11-2014,87321.0
1836,20-11-2014,85497.0
1837,21-11-2014,86577.0
1838,22-11-2014,77832.0
1839,23-11-2014,75041.0
1840,24-11-2014,83797.0
1841,25-11-2014,82813.0
1842,26-11-2014,90019.0
1843,27-11-2014,82979.0
1844,28-11-2014,85987.0
1845,29-11-2014,81452.0
1846,30-11-2014,80934.0
1847,01-12-2014,95220.0
1848,02-12-2014,100786.0
1849,03-12-2014,97296.0
1850,04-12-2014,100829.0
1851,05-12-2014,92900.0
1852,06-12-2014,83633.0
1853,07-12-2014,77357.0
1854,08-12-2014,84498.0
1855,09-12-2014,89587.0
1856,10-12-2014,90695.0
1857,11-12-2014,85829.0
1858,12-12-2014,80103.0
1859,13-12-2014,79512.0
1860,14-12-2014,73926.0
1861,15-12-2014,95727.0
1862,16-12-2014,98790.0
1863,17-12-2014,93704.0
1864,18-12-2014,103161.0
1865,19-12-2014,92052.0
1866,20-12-2014,91493.0
1867,21-12-2014,80829.0
1868,22-12-2014,89437.0
1869,23-12-2014,99770.0
1870,24-12-2014,89515.0
1871,25-12-2014,70684.0
1872,26-12-2014,71700.0
1873,27-12-2014,78776.0
1874,28-12-2014,74773.0
1875,29-12-2014,79812.0
1876,30-12-2014,85247.0
1877,31-12-2014,83768.0
1878,01-01-2015,58963.0
1879,02-01-2015,72234.0
1880,03-01-2015,82832.0
1881,04-01-2015,85570.0
1882,05-01-2015,93753.0
1883,06-01-2015,87160.0
1884,07-01-2015,92912.0
1885,08-01-2015,99126.0
1886,09-01-2015,105211.0
1887,10-01-2015,105895.0
1888,11-01-2015,93957.0
1889,12-01-2015,98185.0
1890,13-01-2015,99090.0
1891,14-01-2015,104481.0
1892,15-01-2015,115787.0
1893,16-01-2015,112530.0
1894,17-01-2015,89839.0
1895,18-01-2015,87047.0
1896,19-01-2015,94096.0
1897,20-01-2015,98890.0
1898,21-01-2015,100251.0
1899,22-01-2015,94979.0
1900,23-01-2015,87217.0
1901,24-01-2015,89630.0
1902,25-01-2015,82358.0
1903,26-01-2015,105423.0
1904,27-01-2015,99035.0
1905,28-01-2015,89287.0
1906,29-01-2015,88519.0
1907,30-01-2015,86360.0
1908,31-01-2015,83762.0
1909,01-02-2015,79193.0
1910,02-02-2015,83230.0
1911,03-02-2015,93499.0
1912,04-02-2015,89353.0
1913,05-02-2015,90028.0
1914,06-02-2015,83440.0
1915,07-02-2015,86207.0
1916,08-02-2015,82716.0
1917,09-02-2015,95860.0
1918,10-02-2015,103551.0
1919,11-02-2015,98701.0
1920,12-02-2015,93868.0
1921,13-02-2015,107390.0
1922,14-02-2015,107004.0
1923,15-02-2015,85355.0
1924,16-02-2015,103339.0
1925,17-02-2015,98899.0
1926,18-02-2015,104555.0
1927,19-02-2015,96005.0
1928,20-02-2015,96709.0
1929,21-02-2015,92541.0
1930,22-02-2015,86028.0
1931,23-02-2015,96936.0
1932,24-02-2015,104463.0
1933,25-02-2015,104785.0
1934,26-02-2015,101348.0
1935,27-02-2015,103395.0
1936,28-02-2015,90259.0
1937,01-03-2015,86274.0
1938,02-03-2015,102935.0
1939,03-03-2015,109142.0
1940,04-03-2015,104846.0
1941,05-03-2015,96611.0
1942,06-03-2015,96367.0
1943,07-03-2015,94270.0
1944,08-03-2015,86526.0
1945,09-03-2015,96449.0
1946,10-03-2015,112347.0
1947,11-03-2015,102856.0
1948,12-03-2015,97654.0
1949,13-03-2015,96745.0
1950,14-03-2015,88828.0
1951,15-03-2015,84477.0
1952,16-03-2015,97794.0
1953,17-03-2015,104238.0
1954,18-03-2015,102985.0
1955,19-03-2015,102414.0
1956,20-03-2015,103109.0
1957,21-03-2015,100458.0
1958,22-03-2015,84331.0
1959,23-03-2015,106330.0
1960,24-03-2015,96397.0
1961,25-03-2015,93930.0
1962,26-03-2015,98391.0
1963,27-03-2015,106302.0
1964,28-03-2015,90053.0
1965,29-03-2015,87456.0
1966,30-03-2015,102105.0
1967,31-03-2015,105294.0
1968,01-04-2015,126590.0
1969,02-04-2015,115686.0
1970,03-04-2015,103760.0
1971,04-04-2015,94152.0
1972,05-04-2015,94048.0
1973,06-04-2015,100949.0
1974,07-04-2015,111786.0
1975,08-04-2015,108047.0
1976,09-04-2015,117822.0
1977,10-04-2015,114091.0
1978,11-04-2015,103454.0
1979,12-04-2015,88884.0
1980,13-04-2015,105282.0
1981,14-04-2015,113372.0
1982,15-04-2015,105461.0
1983,16-04-2015,104063.0
1984,17-04-2015,102089.0
1985,18-04-2015,100484.0
1986,19-04-2015,86313.0
1987,20-04-2015,115128.0
1988,21-04-2015,114061.0
1989,22-04-2015,113657.0
1990,23-04-2015,107241.0
1991,24-04-2015,110568.0
1992,25-04-2015,100790.0
1993,26-04-2015,93761.0
1994,27-04-2015,109382.0
1995,28-04-2015,112434.0
1996,29-04-2015,116989.0
1997,30-04-2015,114070.0
1998,01-05-2015,105236.0
1999,02-05-2015,96416.0
2000,03-05-2015,86037.0
2001,04-05-2015,94120.0
2002,05-05-2015,114171.0
2003,06-05-2015,113496.0
2004,07-05-2015,113420.0
2005,08-05-2015,108365.0
2006,09-05-2015,98717.0
2007,10-05-2015,90054.0
2008,11-05-2015,102966.0
2009,12-05-2015,114424.0
2010,13-05-2015,108615.0
2011,14-05-2015,101228.0
2012,15-05-2015,107882.0
2013,16-05-2015,93025.0
2014,17-05-2015,85578.0
2015,18-05-2015,97915.0
2016,19-05-2015,106503.0
2017,20-05-2015,107683.0
2018,21-05-2015,99962.0
2019,22-05-2015,100591.0
2020,23-05-2015,92674.0
2021,24-05-2015,87996.0
2022,25-05-2015,105519.0
2023,26-05-2015,106971.0
2024,27-05-2015,108558.0
2025,28-05-2015,109786.0
2026,29-05-2015,123148.0
2027,30-05-2015,132907.0
2028,31-05-2015,96037.0
2029,01-06-2015,116959.0
2030,02-06-2015,133489.0
2031,03-06-2015,125399.0
2032,04-06-2015,123893.0
2033,05-06-2015,109700.0
2034,06-06-2015,102005.0
2035,07-06-2015,88440.0
2036,08-06-2015,94037.0
2037,09-06-2015,115633.0
2038,10-06-2015,133064.0
2039,11-06-2015,125147.0
2040,12-06-2015,125022.0
2041,13-06-2015,112813.0
2042,14-06-2015,100512.0
2043,15-06-2015,122279.0
2044,16-06-2015,124094.0
2045,17-06-2015,133747.0
2046,18-06-2015,122001.0
2047,19-06-2015,125430.0
2048,20-06-2015,114779.0
2049,21-06-2015,91203.0
2050,22-06-2015,111788.0
2051,23-06-2015,128795.0
2052,24-06-2015,114471.0
2053,25-06-2015,113329.0
2054,26-06-2015,115640.0
2055,27-06-2015,108876.0
2056,28-06-2015,97690.0
2057,29-06-2015,117119.0
2058,30-06-2015,149003.0
2059,01-07-2015,150917.0
2060,02-07-2015,135567.0
2061,03-07-2015,138811.0
2062,04-07-2015,114310.0
2063,05-07-2015,101714.0
2064,06-07-2015,151741.0
2065,07-07-2015,201921.0
2066,08-07-2015,200420.0
2067,09-07-2015,187202.0
2068,10-07-2015,214487.0
2069,11-07-2015,171652.0
2070,12-07-2015,204729.0
2071,13-07-2015,176542.0
2072,14-07-2015,119707.0
2073,15-07-2015,122340.0
2074,16-07-2015,113812.0
2075,17-07-2015,118048.0
2076,18-07-2015,120617.0
2077,19-07-2015,134643.0
2078,20-07-2015,112440.0
2079,21-07-2015,123367.0
2080,22-07-2015,147520.0
2081,23-07-2015,111582.0
2082,24-07-2015,109852.0
2083,25-07-2015,106038.0
2084,26-07-2015,89650.0
2085,27-07-2015,111331.0
2086,28-07-2015,117412.0
2087,29-07-2015,136195.0
2088,30-07-2015,133697.0
2089,31-07-2015,133640.0
2090,01-08-2015,163175.0
2091,02-08-2015,98976.0
2092,03-08-2015,118560.0
2093,04-08-2015,132719.0
2094,05-08-2015,130246.0
2095,06-08-2015,132494.0
2096,07-08-2015,124658.0
2097,08-08-2015,104420.0
2098,09-08-2015,88425.0
2099,10-08-2015,110686.0
2100,11-08-2015,116923.0
2101,12-08-2015,115754.0
2102,13-08-2015,118336.0
2103,14-08-2015,107950.0
2104,15-08-2015,106119.0
2105,16-08-2015,86583.0
2106,17-08-2015,108249.0
2107,18-08-2015,120131.0
2108,19-08-2015,122864.0
2109,20-08-2015,116834.0
2110,21-08-2015,116311.0
2111,22-08-2015,107795.0
2112,23-08-2015,93783.0
2113,24-08-2015,117026.0
2114,25-08-2015,125060.0
2115,26-08-2015,125549.0
2116,27-08-2015,116334.0
2117,28-08-2015,121692.0
2118,29-08-2015,113722.0
2119,30-08-2015,92338.0
2120,31-08-2015,117985.0
2121,01-09-2015,140970.0
2122,02-09-2015,137743.0
2123,03-09-2015,137446.0
2124,04-09-2015,95408.0
2125,05-09-2015,137427.0
2126,06-09-2015,106101.0
2127,07-09-2015,119041.0
2128,08-09-2015,126751.0
2129,09-09-2015,128619.0
2130,10-09-2015,122783.0
2131,11-09-2015,165288.0
2132,12-09-2015,153538.0
2133,13-09-2015,139320.0
2134,14-09-2015,163531.0
2135,15-09-2015,165993.0
2136,16-09-2015,169059.0
2137,17-09-2015,241346.0
2138,18-09-2015,188330.0
2139,19-09-2015,117999.0
2140,20-09-2015,105933.0
2141,21-09-2015,124667.0
2142,22-09-2015,136822.0
2143,23-09-2015,134964.0
2144,24-09-2015,124822.0
2145,25-09-2015,130740.0
2146,26-09-2015,119594.0
2147,27-09-2015,107256.0
2148,28-09-2015,130885.0
2149,29-09-2015,139440.0
2150,30-09-2015,141351.0
2151,01-10-2015,135885.0
2152,02-10-2015,135941.0
2153,03-10-2015,132880.0
2154,04-10-2015,100858.0
2155,05-10-2015,117528.0
2156,06-10-2015,142346.0
2157,07-10-2015,139516.0
2158,08-10-2015,139590.0
2159,09-10-2015,119490.0
2160,10-10-2015,128618.0
2161,11-10-2015,105878.0
2162,12-10-2015,126927.0
2163,13-10-2015,133757.0
2164,14-10-2015,136259.0
2165,15-10-2015,157228.0
2166,16-10-2015,143885.0
2167,17-10-2015,139308.0
2168,18-10-2015,120858.0
2169,19-10-2015,136583.0
2170,20-10-2015,138080.0
2171,21-10-2015,161031.0
2172,22-10-2015,149891.0
2173,23-10-2015,146222.0
2174,24-10-2015,140827.0
2175,25-10-2015,128209.0
2176,26-10-2015,126041.0
2177,27-10-2015,141609.0
2178,28-10-2015,154774.0
2179,29-10-2015,165622.0
2180,30-10-2015,164938.0
2181,31-10-2015,155292.0
2182,01-11-2015,156648.0
2183,02-11-2015,159656.0
2184,03-11-2015,178027.0
2185,04-11-2015,211121.0
2186,05-11-2015,189326.0
2187,06-11-2015,165214.0
2188,07-11-2015,161595.0
2189,08-11-2015,134785.0
2190,09-11-2015,152795.0
2191,10-11-2015,154030.0
2192,11-11-2015,171159.0
2193,12-11-2015,154219.0
2194,13-11-2015,156988.0
2195,14-11-2015,156065.0
2196,15-11-2015,138467.0
2197,16-11-2015,150942.0
2198,17-11-2015,158254.0
2199,18-11-2015,168587.0
2200,19-11-2015,154561.0
2201,20-11-2015,155128.0
2202,21-11-2015,158852.0
2203,22-11-2015,126564.0
2204,23-11-2015,142698.0
2205,24-11-2015,150056.0
2206,25-11-2015,152463.0
2207,26-11-2015,164730.0
2208,27-11-2015,156739.0
2209,28-11-2015,171602.0
2210,29-11-2015,130758.0
2211,30-11-2015,172183.0
2212,01-12-2015,184404.0
2213,02-12-2015,177277.0
2214,03-12-2015,170317.0
2215,04-12-2015,160944.0
2216,05-12-2015,200213.0
2217,06-12-2015,179777.0
2218,07-12-2015,185788.0
2219,08-12-2015,192097.0
2220,09-12-2015,222503.0
2221,10-12-2015,211452.0
2222,11-12-2015,211198.0
2223,12-12-2015,211456.0
2224,13-12-2015,186151.0
2225,14-12-2015,221499.0
2226,15-12-2015,227706.0
2227,16-12-2015,222531.0
2228,17-12-2015,219600.0
2229,18-12-2015,214387.0
2230,19-12-2015,216944.0
2231,20-12-2015,191441.0
2232,21-12-2015,222112.0
2233,22-12-2015,223130.0
2234,23-12-2015,221289.0
2235,24-12-2015,227189.0
2236,25-12-2015,184124.0
2237,26-12-2015,170904.0
2238,27-12-2015,156554.0
2239,28-12-2015,166837.0
2240,29-12-2015,187040.0
2241,30-12-2015,181836.0
2242,31-12-2015,164132.0
2243,01-01-2016,123623.0
2244,02-01-2016,142904.0
2245,03-01-2016,141064.0
2246,04-01-2016,170176.0
2247,05-01-2016,187012.0
2248,06-01-2016,177478.0
2249,07-01-2016,177873.0
2250,08-01-2016,190001.0
2251,09-01-2016,178374.0
2252,10-01-2016,164687.0
2253,11-01-2016,179771.0
2254,12-01-2016,196656.0
2255,13-01-2016,191628.0
2256,14-01-2016,183390.0
2257,15-01-2016,185105.0
2258,16-01-2016,190301.0
2259,17-01-2016,192731.0
2260,18-01-2016,213934.0
2261,19-01-2016,205735.0
2262,20-01-2016,196033.0
2263,21-01-2016,210240.0
2264,22-01-2016,226106.0
2265,23-01-2016,200913.0
2266,24-01-2016,193572.0
2267,25-01-2016,210592.0
2268,26-01-2016,236175.0
2269,27-01-2016,226385.0
2270,28-01-2016,231454.0
2271,29-01-2016,222622.0
2272,30-01-2016,209984.0
2273,31-01-2016,168625.0
2274,01-02-2016,221764.0
2275,02-02-2016,231998.0
2276,03-02-2016,200087.0
2277,04-02-2016,201065.0
2278,05-02-2016,215910.0
2279,06-02-2016,232752.0
2280,07-02-2016,212134.0
2281,08-02-2016,220559.0
2282,09-02-2016,230799.0
2283,10-02-2016,233941.0
2284,11-02-2016,227463.0
2285,12-02-2016,202906.0
2286,13-02-2016,190560.0
2287,14-02-2016,188927.0
2288,15-02-2016,207397.0
2289,16-02-2016,218780.0
2290,17-02-2016,227403.0
2291,18-02-2016,212765.0
2292,19-02-2016,215552.0
2293,20-02-2016,225259.0
2294,21-02-2016,209276.0
2295,22-02-2016,224964.0
2296,23-02-2016,246578.0
2297,24-02-2016,225112.0
2298,25-02-2016,218699.0
2299,26-02-2016,209880.0
2300,27-02-2016,182423.0
2301,28-02-2016,224697.0
2302,29-02-2016,265695.0
2303,01-03-2016,260619.0
2304,02-03-2016,276448.0
2305,03-03-2016,221257.0
2306,04-03-2016,212104.0
2307,05-03-2016,238117.0
2308,06-03-2016,171486.0
2309,07-03-2016,183530.0
2310,08-03-2016,193929.0
2311,09-03-2016,187623.0
2312,10-03-2016,192611.0
2313,11-03-2016,193874.0
2314,12-03-2016,175428.0
2315,13-03-2016,141116.0
2316,14-03-2016,187401.0
2317,15-03-2016,197677.0
2318,16-03-2016,215973.0
2319,17-03-2016,206973.0
2320,18-03-2016,203578.0
2321,19-03-2016,188863.0
2322,20-03-2016,175963.0
2323,21-03-2016,189228.0
2324,22-03-2016,210488.0
2325,23-03-2016,187877.0
2326,24-03-2016,194985.0
2327,25-03-2016,173609.0
2328,26-03-2016,162398.0
2329,27-03-2016,161486.0
2330,28-03-2016,181300.0
2331,29-03-2016,191841.0
2332,30-03-2016,207906.0
2333,31-03-2016,208976.0
2334,01-04-2016,203811.0
2335,02-04-2016,196651.0
2336,03-04-2016,176722.0
2337,04-04-2016,200979.0
2338,05-04-2016,216684.0
2339,06-04-2016,218585.0
2340,07-04-2016,219915.0
2341,08-04-2016,215441.0
2342,09-04-2016,207555.0
2343,10-04-2016,181662.0
2344,11-04-2016,217378.0
2345,12-04-2016,240200.0
2346,13-04-2016,222711.0
2347,14-04-2016,230281.0
2348,15-04-2016,216850.0
2349,16-04-2016,192621.0
2350,17-04-2016,191478.0
2351,18-04-2016,203165.0
2352,19-04-2016,227795.0
2353,20-04-2016,216780.0
2354,21-04-2016,212795.0
2355,22-04-2016,210976.0
2356,23-04-2016,185216.0
2357,24-04-2016,183155.0
2358,25-04-2016,217564.0
2359,26-04-2016,250744.0
2360,27-04-2016,239435.0
2361,28-04-2016,247958.0
2362,29-04-2016,261884.0
2363,30-04-2016,215712.0
2364,01-05-2016,191430.0
2365,02-05-2016,223785.0
2366,03-05-2016,235609.0
2367,04-05-2016,233693.0
2368,05-05-2016,229580.0
2369,06-05-2016,233232.0
2370,07-05-2016,202062.0
2371,08-05-2016,185562.0
2372,09-05-2016,226451.0
2373,10-05-2016,245721.0
2374,11-05-2016,234412.0
2375,12-05-2016,228409.0
2376,13-05-2016,232146.0
2377,14-05-2016,211280.0
2378,15-05-2016,200171.0
2379,16-05-2016,239809.0
2380,17-05-2016,238626.0
2381,18-05-2016,235084.0
2382,19-05-2016,219146.0
2383,20-05-2016,209396.0
2384,21-05-2016,191461.0
2385,22-05-2016,184348.0
2386,23-05-2016,222755.0
2387,24-05-2016,246517.0
2388,25-05-2016,247844.0
2389,26-05-2016,220093.0
2390,27-05-2016,215296.0
2391,28-05-2016,193054.0
2392,29-05-2016,178742.0
2393,30-05-2016,211369.0
2394,31-05-2016,215249.0
2395,01-06-2016,234385.0
2396,02-06-2016,231099.0
2397,03-06-2016,234669.0
2398,04-06-2016,196665.0
2399,05-06-2016,190528.0
2400,06-06-2016,221171.0
2401,07-06-2016,248576.0
2402,08-06-2016,229933.0
2403,09-06-2016,236353.0
2404,10-06-2016,228367.0
2405,11-06-2016,213159.0
2406,12-06-2016,210711.0
2407,13-06-2016,251354.0
2408,14-06-2016,247632.0
2409,15-06-2016,262510.0
2410,16-06-2016,267870.0
2411,17-06-2016,253752.0
2412,18-06-2016,236291.0
2413,19-06-2016,218298.0
2414,20-06-2016,249334.0
2415,21-06-2016,248164.0
2416,22-06-2016,235641.0
2417,23-06-2016,241300.0
2418,24-06-2016,238888.0
2419,25-06-2016,210998.0
2420,26-06-2016,183755.0
2421,27-06-2016,217029.0
2422,28-06-2016,213058.0
2423,29-06-2016,224112.0
2424,30-06-2016,231960.0
2425,01-07-2016,210409.0
2426,02-07-2016,198875.0
2427,03-07-2016,177127.0
2428,04-07-2016,213900.0
2429,05-07-2016,214959.0
2430,06-07-2016,214691.0
2431,07-07-2016,216812.0
2432,08-07-2016,210701.0
2433,09-07-2016,185405.0
2434,10-07-2016,162608.0
2435,11-07-2016,218089.0
2436,12-07-2016,219034.0
2437,13-07-2016,218093.0
2438,14-07-2016,220655.0
2439,15-07-2016,216081.0
2440,16-07-2016,182192.0
2441,17-07-2016,171013.0
2442,18-07-2016,225827.0
2443,19-07-2016,222146.0
2444,20-07-2016,227429.0
2445,21-07-2016,217606.0
2446,22-07-2016,221404.0
2447,23-07-2016,195796.0
2448,24-07-2016,186521.0
2449,25-07-2016,240533.0
2450,26-07-2016,237673.0
2451,27-07-2016,235603.0
2452,28-07-2016,236946.0
2453,29-07-2016,231414.0
2454,30-07-2016,199484.0
2455,31-07-2016,192254.0
2456,01-08-2016,225049.0
2457,02-08-2016,252252.0
2458,03-08-2016,245549.0
2459,04-08-2016,231835.0
2460,05-08-2016,228244.0
2461,06-08-2016,196551.0
2462,07-08-2016,192414.0
2463,08-08-2016,236291.0
2464,09-08-2016,233704.0
2465,10-08-2016,245581.0
2466,11-08-2016,254515.0
2467,12-08-2016,232973.0
2468,13-08-2016,217257.0
2469,14-08-2016,200577.0
2470,15-08-2016,202896.0
2471,16-08-2016,256447.0
2472,17-08-2016,238003.0
2473,18-08-2016,239541.0
2474,19-08-2016,246095.0
2475,20-08-2016,210352.0
2476,21-08-2016,184904.0
2477,22-08-2016,229801.0
2478,23-08-2016,239021.0
2479,24-08-2016,237956.0
2480,25-08-2016,234009.0
2481,26-08-2016,226767.0
2482,27-08-2016,191098.0
2483,28-08-2016,174489.0
2484,29-08-2016,225282.0
2485,30-08-2016,254486.0
2486,31-08-2016,226377.0
2487,01-09-2016,238207.0
2488,02-09-2016,225856.0
2489,03-09-2016,182204.0
2490,04-09-2016,183244.0
2491,05-09-2016,227683.0
2492,06-09-2016,232118.0
2493,07-09-2016,250809.0
2494,08-09-2016,227006.0
2495,09-09-2016,222094.0
2496,10-09-2016,193320.0
2497,11-09-2016,180391.0
2498,12-09-2016,208649.0
2499,13-09-2016,241215.0
2500,14-09-2016,231800.0
2501,15-09-2016,233488.0
2502,16-09-2016,213142.0
2503,17-09-2016,215529.0
2504,18-09-2016,191603.0
2505,19-09-2016,223540.0
2506,20-09-2016,247987.0
2507,21-09-2016,239216.0
2508,22-09-2016,231227.0
2509,23-09-2016,223187.0
2510,24-09-2016,210510.0
2511,25-09-2016,197298.0
2512,26-09-2016,230769.0
2513,27-09-2016,243008.0
2514,28-09-2016,234995.0
2515,29-09-2016,242730.0
2516,30-09-2016,250943.0
2517,01-10-2016,213930.0
2518,02-10-2016,192683.0
2519,03-10-2016,260813.0
2520,04-10-2016,264662.0
2521,05-10-2016,266811.0
2522,06-10-2016,274486.0
2523,07-10-2016,268419.0
2524,08-10-2016,250672.0
2525,09-10-2016,210548.0
2526,10-10-2016,224774.0
2527,11-10-2016,263565.0
2528,12-10-2016,235664.0
2529,13-10-2016,229703.0
2530,14-10-2016,239724.0
2531,15-10-2016,210448.0
2532,16-10-2016,197876.0
2533,17-10-2016,237232.0
2534,18-10-2016,251521.0
2535,19-10-2016,201025.0
2536,20-10-2016,270380.0
2537,21-10-2016,265355.0
2538,22-10-2016,216708.0
2539,23-10-2016,191578.0
2540,24-10-2016,226980.0
2541,25-10-2016,237030.0
2542,26-10-2016,225924.0
2543,27-10-2016,326388.0
2544,28-10-2016,250876.0
2545,29-10-2016,229689.0
2546,30-10-2016,209337.0
2547,31-10-2016,241778.0
2548,01-11-2016,246650.0
2549,02-11-2016,268418.0
2550,03-11-2016,273338.0
2551,04-11-2016,248043.0
2552,05-11-2016,242032.0
2553,06-11-2016,228420.0
2554,07-11-2016,274281.0
2555,08-11-2016,296060.0
2556,09-11-2016,270095.0
2557,10-11-2016,271374.0
2558,11-11-2016,254619.0
2559,12-11-2016,228886.0
2560,13-11-2016,221328.0
2561,14-11-2016,270506.0
2562,15-11-2016,280352.0
2563,16-11-2016,291186.0
2564,17-11-2016,277460.0
2565,18-11-2016,275925.0
2566,19-11-2016,249760.0
2567,20-11-2016,246537.0
2568,21-11-2016,287414.0
2569,22-11-2016,285635.0
2570,23-11-2016,276924.0
2571,24-11-2016,333466.0
2572,25-11-2016,315387.0
2573,26-11-2016,279374.0
2574,27-11-2016,237389.0
2575,28-11-2016,298530.0
2576,29-11-2016,294140.0
2577,30-11-2016,292654.0
2578,01-12-2016,239682.0
2579,02-12-2016,318263.0
2580,03-12-2016,287988.0
2581,04-12-2016,245650.0
2582,05-12-2016,278001.0
2583,06-12-2016,319762.0
2584,07-12-2016,311361.0
2585,08-12-2016,282711.0
2586,09-12-2016,268815.0
2587,10-12-2016,250241.0
2588,11-12-2016,232844.0
2589,12-12-2016,268662.0
2590,13-12-2016,291757.0
2591,14-12-2016,286328.0
2592,15-12-2016,282685.0
2593,16-12-2016,279361.0
2594,17-12-2016,239034.0
2595,18-12-2016,235789.0
2596,19-12-2016,284852.0
2597,20-12-2016,296473.0
2598,21-12-2016,325677.0
2599,22-12-2016,314644.0
2600,23-12-2016,304997.0
2601,24-12-2016,240820.0
2602,25-12-2016,199614.0
2603,26-12-2016,244914.0
2604,27-12-2016,296546.0
2605,28-12-2016,305394.0
2606,29-12-2016,304605.0
2607,30-12-2016,286818.0
2608,31-12-2016,250273.0
2609,01-01-2017,180502.0
2610,02-01-2017,293682.0
2611,03-01-2017,301664.0
2612,04-01-2017,330164.0
2613,05-01-2017,288501.0
2614,06-01-2017,346405.0
2615,07-01-2017,284719.0
2616,08-01-2017,260101.0
2617,09-01-2017,269947.0
2618,10-01-2017,323888.0
2619,11-01-2017,303058.0
2620,12-01-2017,297756.0
2621,13-01-2017,275149.0
2622,14-01-2017,242269.0
2623,15-01-2017,235999.0
2624,16-01-2017,267640.0
2625,17-01-2017,292697.0
2626,18-01-2017,298751.0
2627,19-01-2017,300605.0
2628,20-01-2017,298377.0
2629,21-01-2017,263562.0
2630,22-01-2017,236886.0
2631,23-01-2017,236692.0
2632,24-01-2017,278177.0
2633,25-01-2017,305961.0
2634,26-01-2017,317904.0
2635,27-01-2017,263332.0
2636,28-01-2017,246395.0
2637,29-01-2017,241627.0
2638,30-01-2017,250829.0
2639,31-01-2017,307683.0
2640,01-02-2017,350560.0
2641,02-02-2017,259559.0
2642,03-02-2017,323563.0
2643,04-02-2017,286326.0
2644,05-02-2017,292101.0
2645,06-02-2017,230027.0
2646,07-02-2017,325268.0
2647,08-02-2017,308316.0
2648,09-02-2017,346544.0
2649,10-02-2017,304456.0
2650,11-02-2017,262686.0
2651,12-02-2017,238182.0
2652,13-02-2017,288290.0
2653,14-02-2017,315084.0
2654,15-02-2017,294786.0
2655,16-02-2017,285329.0
2656,17-02-2017,319767.0
2657,18-02-2017,288149.0
2658,19-02-2017,251721.0
2659,20-02-2017,282728.0
2660,21-02-2017,279090.0
2661,22-02-2017,284024.0
2662,23-02-2017,325913.0
2663,24-02-2017,350751.0
2664,25-02-2017,326521.0
2665,26-02-2017,265203.0
2666,27-02-2017,284555.0
2667,28-02-2017,325414.0
2668,01-03-2017,315883.0
2669,02-03-2017,329428.0
2670,03-03-2017,337310.0
2671,04-03-2017,268875.0
2672,05-03-2017,280739.0
2673,06-03-2017,287731.0
2674,07-03-2017,327902.0
2675,08-03-2017,297108.0
2676,09-03-2017,303632.0
2677,10-03-2017,308482.0
2678,11-03-2017,280681.0
2679,12-03-2017,221110.0
2680,13-03-2017,273079.0
2681,14-03-2017,310395.0
2682,15-03-2017,292434.0
2683,16-03-2017,327034.0
2684,17-03-2017,292196.0
2685,18-03-2017,263530.0
2686,19-03-2017,271239.0
2687,20-03-2017,277033.0
2688,21-03-2017,288055.0
2689,22-03-2017,320713.0
2690,23-03-2017,287871.0
2691,24-03-2017,289521.0
2692,25-03-2017,242975.0
2693,26-03-2017,221915.0
2694,27-03-2017,232291.0
2695,28-03-2017,294001.0
2696,29-03-2017,283931.0
2697,30-03-2017,288788.0
2698,31-03-2017,259403.0
2699,01-04-2017,255871.0
2700,02-04-2017,244203.0
2701,03-04-2017,288141.0
2702,04-04-2017,256015.0
2703,05-04-2017,316555.0
2704,06-04-2017,290465.0
2705,07-04-2017,295463.0
2706,08-04-2017,226959.0
2707,09-04-2017,238286.0
2708,10-04-2017,275496.0
2709,11-04-2017,307893.0
2710,12-04-2017,278093.0
2711,13-04-2017,228679.0
2712,14-04-2017,290208.0
2713,15-04-2017,271976.0
2714,16-04-2017,211829.0
2715,17-04-2017,245184.0
2716,18-04-2017,303091.0
2717,19-04-2017,310104.0
2718,20-04-2017,269625.0
2719,21-04-2017,330354.0
2720,22-04-2017,268712.0
2721,23-04-2017,245039.0
2722,24-04-2017,222671.0
2723,25-04-2017,325387.0
2724,26-04-2017,334471.0
2725,27-04-2017,297884.0
2726,28-04-2017,305271.0
2727,29-04-2017,341319.0
2728,30-04-2017,281489.0
2729,01-05-2017,294786.0
2730,02-05-2017,333161.0
2731,03-05-2017,295149.0
2732,04-05-2017,354737.0
2733,05-05-2017,267193.0
2734,06-05-2017,363022.0
2735,07-05-2017,316011.0
2736,08-05-2017,365096.0
2737,09-05-2017,332879.0
2738,10-05-2017,311391.0
2739,11-05-2017,294743.0
2740,12-05-2017,317698.0
2741,13-05-2017,329266.0
2742,14-05-2017,369098.0
2743,15-05-2017,329229.0
2744,16-05-2017,233977.0
2745,17-05-2017,317527.0
2746,18-05-2017,288904.0
2747,19-05-2017,319502.0
2748,20-05-2017,352805.0
2749,21-05-2017,326057.0
2750,22-05-2017,327868.0
2751,23-05-2017,367710.0
2752,24-05-2017,338642.0
2753,25-05-2017,350114.0
2754,26-05-2017,333340.0
2755,27-05-2017,331914.0
2756,28-05-2017,308143.0
2757,29-05-2017,321638.0
2758,30-05-2017,347961.0
2759,31-05-2017,321634.0
2760,01-06-2017,319709.0
2761,02-06-2017,271539.0
2762,03-06-2017,305320.0
2763,04-06-2017,266044.0
2764,05-06-2017,289930.0
2765,06-06-2017,297416.0
2766,07-06-2017,339720.0
2767,08-06-2017,307377.0
2768,09-06-2017,282184.0
2769,10-06-2017,254993.0
2770,11-06-2017,222892.0
2771,12-06-2017,269098.0
2772,13-06-2017,291776.0
2773,14-06-2017,287644.0
2774,15-06-2017,293141.0
2775,16-06-2017,269937.0
2776,17-06-2017,236554.0
2777,18-06-2017,209359.0
2778,19-06-2017,269774.0
2779,20-06-2017,269438.0
2780,21-06-2017,280203.0
2781,22-06-2017,269685.0
2782,23-06-2017,259938.0
2783,24-06-2017,227127.0
2784,25-06-2017,180719.0
2785,26-06-2017,261906.0
2786,27-06-2017,259737.0
2787,28-06-2017,279811.0
2788,29-06-2017,231054.0
2789,30-06-2017,267360.0
2790,01-07-2017,221856.0
2791,02-07-2017,196539.0
2792,03-07-2017,253244.0
2793,04-07-2017,255483.0
2794,05-07-2017,237008.0
2795,06-07-2017,225106.0
2796,07-07-2017,243614.0
2797,08-07-2017,220835.0
2798,09-07-2017,188124.0
2799,10-07-2017,251722.0
2800,11-07-2017,265759.0
2801,12-07-2017,257138.0
2802,13-07-2017,245895.0
2803,14-07-2017,227903.0
2804,15-07-2017,221851.0
2805,16-07-2017,203165.0
2806,17-07-2017,230315.0
2807,18-07-2017,260575.0
2808,19-07-2017,253768.0
2809,20-07-2017,230199.0
2810,21-07-2017,268443.0
2811,22-07-2017,223358.0
2812,23-07-2017,181031.0
2813,24-07-2017,240072.0
2814,25-07-2017,244036.0
2815,26-07-2017,237853.0
2816,27-07-2017,225369.0
2817,28-07-2017,247207.0
2818,29-07-2017,211134.0
2819,30-07-2017,184145.0
2820,31-07-2017,231012.0
2821,01-08-2017,131875.0
2822,02-08-2017,209321.0
2823,03-08-2017,213017.0
2824,04-08-2017,235792.0
2825,05-08-2017,239771.0
2826,06-08-2017,199627.0
2827,07-08-2017,249002.0
2828,08-08-2017,275574.0
2829,09-08-2017,260955.0
2830,10-08-2017,257965.0
2831,11-08-2017,284001.0
2832,12-08-2017,260521.0
2833,13-08-2017,263310.0
2834,14-08-2017,255362.0
2835,15-08-2017,311002.0
2836,16-08-2017,274866.0
2837,17-08-2017,347319.0
2838,18-08-2017,312250.0
2839,19-08-2017,266832.0
2840,20-08-2017,210852.0
2841,21-08-2017,236772.0
2842,22-08-2017,196283.0
2843,23-08-2017,315734.0
2844,24-08-2017,203805.0
2845,25-08-2017,208169.0
2846,26-08-2017,226485.0
2847,27-08-2017,261891.0
2848,28-08-2017,223771.0
2849,29-08-2017,281116.0
2850,30-08-2017,271466.0
2851,31-08-2017,280724.0
2852,01-09-2017,283670.0
2853,02-09-2017,236811.0
2854,03-09-2017,195289.0
2855,04-09-2017,269280.0
2856,05-09-2017,277948.0
2857,06-09-2017,276225.0
2858,07-09-2017,256374.0
2859,08-09-2017,279488.0
2860,09-09-2017,217890.0
2861,10-09-2017,193240.0
2862,11-09-2017,253492.0
2863,12-09-2017,256230.0
2864,13-09-2017,263320.0
2865,14-09-2017,268068.0
2866,15-09-2017,292079.0
2867,16-09-2017,228257.0
2868,17-09-2017,197683.0
2869,18-09-2017,218204.0
2870,19-09-2017,282917.0
2871,20-09-2017,235723.0
2872,21-09-2017,255257.0
2873,22-09-2017,227615.0
2874,23-09-2017,203861.0
2875,24-09-2017,185277.0
2876,25-09-2017,226603.0
2877,26-09-2017,263648.0
2878,27-09-2017,257961.0
2879,28-09-2017,275976.0
2880,29-09-2017,254438.0
2881,30-09-2017,212678.0
2882,01-10-2017,203653.0
2883,02-10-2017,295002.0
2884,03-10-2017,282132.0
2885,04-10-2017,232826.0
2886,05-10-2017,273243.0
2887,06-10-2017,283699.0
2888,07-10-2017,231226.0
2889,08-10-2017,238385.0
2890,09-10-2017,296946.0
2891,10-10-2017,303101.0
2892,11-10-2017,292459.0
2893,12-10-2017,293164.0
2894,13-10-2017,309819.0
2895,14-10-2017,293140.0
2896,15-10-2017,283473.0
2897,16-10-2017,314725.0
2898,17-10-2017,334438.0
2899,18-10-2017,329579.0
2900,19-10-2017,356985.0
2901,20-10-2017,312409.0
2902,21-10-2017,312257.0
2903,22-10-2017,289131.0
2904,23-10-2017,316096.0
2905,24-10-2017,347220.0
2906,25-10-2017,315415.0
2907,26-10-2017,265827.0
2908,27-10-2017,246692.0
2909,28-10-2017,207066.0
2910,29-10-2017,334025.0
2911,30-10-2017,316077.0
2912,31-10-2017,277535.0
2913,01-11-2017,241788.0
2914,02-11-2017,341474.0
2915,03-11-2017,277598.0
2916,04-11-2017,294121.0
2917,05-11-2017,251728.0
2918,06-11-2017,271029.0
2919,07-11-2017,335636.0
