Date,XBT,BTC,D,ETH,IOT,LTC,M,XRP
2013-04-28,134.21,,,,,4.35,,
2013-04-29,144.54,,,,,4.38,,
2013-04-30,139.0,,,,,4.3,,
2013-05-01,116.99,,,,,3.8,,
2013-05-02,105.21,,,,,3.37,,
2013-05-03,97.75,,,,,3.04,,
2013-05-04,112.5,,,,,3.48,,
2013-05-05,115.91,,,,,3.59,,
2013-05-06,112.3,,,,,3.37,,
2013-05-07,111.5,,,,,3.33,,
2013-05-08,113.57,,,,,3.41,,
2013-05-09,112.67,,,,,3.42,,
2013-05-10,117.2,,,,,3.44,,
2013-05-11,115.24,,,,,3.35,,
2013-05-12,115.0,,,,,3.27,,
2013-05-13,117.98,,,,,3.28,,
2013-05-14,111.5,,,,,2.82,,
2013-05-15,114.22,,,,,2.94,,
2013-05-16,118.76,,,,,2.92,,
2013-05-17,123.02,,,,,3.19,,
2013-05-18,123.5,,,,,3.29,,
2013-05-19,121.99,,,,,3.3,,
2013-05-20,122.0,,,,,3.18,,
2013-05-21,122.88,,,,,3.09,,
2013-05-22,123.89,,,,,3.12,,
2013-05-23,126.7,,,,,3.18,,
2013-05-24,133.2,,,,,3.18,,
2013-05-25,131.98,,,,,3.12,,
2013-05-26,133.48,,,,,3.25,,
2013-05-27,129.75,,,,,3.1,,
2013-05-28,129.0,,,,,3.09,,
2013-05-29,132.3,,,,,3.1,,
2013-05-30,128.8,,,,,2.97,,
2013-05-31,129.0,,,,,2.96,,
2013-06-01,129.3,,,,,2.83,,
2013-06-02,122.29,,,,,2.73,,
2013-06-03,122.22,,,,,2.73,,
2013-06-04,121.42,,,,,2.87,,
2013-06-05,121.65,,,,,2.86,,
2013-06-06,118.0,,,,,2.75,,
2013-06-07,111.5,,,,,2.6,,
2013-06-08,108.3,,,,,2.56,,
2013-06-09,100.0,,,,,2.38,,
2013-06-10,106.35,,,,,2.49,,
2013-06-11,108.9,,,,,2.4,,
2013-06-12,108.15,,,,,2.38,,
2013-06-13,104.0,,,,,2.27,,
2013-06-14,99.98,,,,,2.13,,
2013-06-15,99.99,,,,,2.11,,
2013-06-16,99.51,,,,,2.13,,
2013-06-17,101.7,,,,,2.28,,
2013-06-18,107.4,,,,,2.31,,
2013-06-19,108.25,,,,,2.3,,
2013-06-20,110.15,,,,,2.29,,
2013-06-21,109.5,,,,,2.87,,
2013-06-22,108.3,,,,,2.92,,
2013-06-23,107.6,,,,,3.12,,
2013-06-24,102.74,,,,,2.87,,
2013-06-25,103.95,,,,,2.82,,
2013-06-26,104.0,,,,,2.86,,
2013-06-27,101.44,,,,,3.02,,
2013-06-28,94.65,,,,,2.75,,
2013-06-29,94.99,,,,,2.79,,
2013-06-30,96.61,,,,,2.98,,
2013-07-01,88.05,,,,,2.95,,
2013-07-02,90.13,,,,,2.83,,
2013-07-03,77.53,,,,,2.62,,
2013-07-04,80.53,,,,,2.73,,
2013-07-05,68.43,,,,,2.43,,
2013-07-06,70.28,,,,,2.52,,
2013-07-07,74.56,,,,,2.66,,
2013-07-08,76.52,,,,,2.61,,
2013-07-09,76.69,,,,,2.61,,
2013-07-10,86.76,,,,,2.81,,
2013-07-11,88.98,,,,,2.73,,
2013-07-12,93.59,,,,,2.79,,
2013-07-13,98.13,,,,,2.9,,
2013-07-14,94.69,,,,,2.91,,
2013-07-15,98.4,,,,,2.98,,
2013-07-16,97.45,,,,,3.1,,
2013-07-17,98.5,,,,,3.15,,
2013-07-18,90.58,,,,,2.89,,
2013-07-19,92.17,,,,,2.96,,
2013-07-20,89.39,,,,,2.86,,
2013-07-21,90.76,,,,,2.92,,
2013-07-22,91.61,,,,,2.89,,
2013-07-23,95.56,,,,,2.99,,
2013-07-24,94.51,,,,,2.94,,
2013-07-25,96.9,,,,,2.97,,
2013-07-26,96.02,,,,,2.9,,
2013-07-27,94.12,,,,,2.88,,
2013-07-28,99.76,,,,,2.98,,
2013-07-29,101.2,,,,,2.96,,
2013-07-30,107.99,,,,,2.99,,
2013-07-31,106.09,,,,,2.87,,
2013-08-01,104.0,,,,,2.91,,
2013-08-02,104.5,,,,,2.84,,
2013-08-03,104.0,,,,,2.96,,
2013-08-04,105.14,,,,,3.01,,0.005882
2013-08-05,106.22,,,,,2.83,,0.005613
2013-08-06,106.75,,,,,2.82,,0.00468
2013-08-07,106.75,,,,,2.76,,0.004417
2013-08-08,103.0,,,,,2.7,,0.004254
2013-08-09,102.8,,,,,2.68,,0.004291
2013-08-10,103.0,,,,,2.56,,0.004314
2013-08-11,105.0,,,,,2.69,,0.004415
2013-08-12,106.64,,,,,2.65,,0.004449
2013-08-13,109.0,,,,,2.74,,0.0042450000000000005
2013-08-14,112.56,,,,,2.73,,0.003788
2013-08-15,109.99,,,,,2.76,,0.003092
2013-08-16,108.99,,,,,2.72,,0.003134
2013-08-17,113.5,,,,,2.82,,0.005671
2013-08-18,113.5,,,,,2.8,,0.0056170000000000005
2013-08-19,119.0,,,,,2.82,,0.00526
2013-08-20,121.2,,,,,2.78,,0.006097999999999999
2013-08-21,123.3,,,,,2.7,,0.006131
2013-08-22,121.15,,,,,2.75,,0.005143
2013-08-23,118.5,,,,,2.72,,0.005139
2013-08-24,120.05,,,,,2.69,,0.005546
2013-08-25,122.11,,,,,2.59,,0.006104
2013-08-26,120.06,,,,,2.57,,0.006417
2013-08-27,126.5,,,,,2.57,,0.006451999999999999
2013-08-28,122.62,,,,,2.52,,0.006246
2013-08-29,122.39,,,,,2.55,,0.005763
2013-08-30,133.49,,,,,2.66,,0.0059299999999999995
2013-08-31,135.35,,,,,2.58,,0.005632
2013-09-01,138.34,,,,,2.58,,0.005787
2013-09-02,135.85,,,,,2.56,,0.005528
2013-09-03,136.77,,,,,2.6,,0.0056700000000000006
2013-09-04,126.74,,,,,2.81,,0.005695
2013-09-05,126.43,,,,,2.75,,0.005715
2013-09-06,119.15,,,,,2.69,,0.005866
2013-09-07,124.15,,,,,2.71,,0.006173
2013-09-08,121.66,,,,,2.73,,0.006183
2013-09-09,127.11,,,,,2.73,,0.00627
2013-09-10,125.91,,,,,2.64,,0.005808
2013-09-11,135.25,,,,,2.72,,0.006273
2013-09-12,133.13,,,,,2.7,,0.0063490000000000005
2013-09-13,134.98,,,,,2.67,,0.006513
2013-09-14,129.22,,,,,2.54,,0.00634
2013-09-15,130.37,,,,,2.64,,0.0064719999999999995
2013-09-16,131.72,,,,,2.63,,0.007056000000000001
2013-09-17,131.66,,,,,2.6,,0.009613
2013-09-18,131.47,,,,,2.56,,0.010782
2013-09-19,129.65,,,,,2.62,,0.010957999999999999
2013-09-20,127.04,,,,,2.48,,0.010112999999999999
2013-09-21,127.43,,,,,2.51,,0.0097
2013-09-22,129.12,,,,,2.53,,0.010406
2013-09-23,125.95,,,,,2.47,,0.010008
2013-09-24,127.25,,,,,2.47,,0.010448
2013-09-25,128.22,,,,,2.37,,0.010433
2013-09-26,128.38,,,,,2.39,,0.011713
2013-09-27,133.78,,,,,2.4,,0.014565999999999999
2013-09-28,134.78,,,,,2.25,,0.013835
2013-09-29,137.34,,,,,2.3,,0.012868000000000001
2013-09-30,133.0,,,,,2.35,,0.010931999999999999
2013-10-01,132.18,,,,,2.42,,0.010529
2013-10-02,114.13,,,,,1.97,,0.007862000000000001
2013-10-03,123.63,,,,,2.17,,0.009112
2013-10-04,129.01,,,,,2.2,,0.009873
2013-10-05,128.55,,,,,2.15,,0.009488
2013-10-06,129.0,,,,,2.17,,0.009819
2013-10-07,126.94,,,,,2.1,,0.00924
2013-10-08,126.0,,,,,1.98,,0.009451000000000001
2013-10-09,130.69,,,,,1.92,,0.009663
2013-10-10,130.59,,,,,2.03,,0.009861
2013-10-11,130.9,,,,,2.07,,0.00897
2013-10-12,135.19,,,,,2.12,,0.009382
2013-10-13,138.13,,,,,2.13,,0.008412000000000001
2013-10-14,140.52,,,,,2.05,,0.008489
2013-10-15,145.24,,,,,1.96,,0.008051
2013-10-16,142.55,,,,,1.92,,0.007305
2013-10-17,146.25,,,,,1.91,,0.008343000000000001
2013-10-18,155.96,,,,,1.9,,0.007942
2013-10-19,172.42,,,,,1.88,,0.007252
2013-10-20,174.61,,,,,1.93,,0.0067
2013-10-21,182.21,,,,,1.82,,0.006634
2013-10-22,193.76,,,,,1.7,,0.006845
2013-10-23,213.62,,,,,2.05,,0.007873
2013-10-24,198.23,,,,,2.27,,0.008596
2013-10-25,186.69,,,,,2.18,,0.00686
2013-10-26,177.32,,,,,2.21,,0.006064
2013-10-27,196.44,,,,,2.13,,0.006842
2013-10-28,198.55,,,,,2.18,,0.005942
2013-10-29,204.39,,,,,2.13,,0.005998
2013-10-30,199.97,,,,,2.29,,0.005854
2013-10-31,204.0,,,,,2.36,,0.006072999999999999
2013-11-01,206.18,,,,,2.45,,0.006353
2013-11-02,206.22,,,,,2.7,,0.006814
2013-11-03,215.05,,,,,2.88,,0.00716
2013-11-04,229.1,,,,,3.08,,0.007011
2013-11-05,245.24,,,,,3.04,,0.00715
2013-11-06,262.5,,,,,3.39,,0.007776000000000001
2013-11-07,296.41,,,,,4.39,,0.008939
2013-11-08,338.11,,,,,4.61,,0.010722
2013-11-09,339.11,,,,,4.22,,0.008653000000000001
2013-11-10,326.62,,,,,3.93,,0.008609
2013-11-11,342.44,,,,,4.0,,0.008681
2013-11-12,360.33,,,,,3.98,,0.009557
2013-11-13,407.37,,,,,4.11,,0.010846
2013-11-14,420.2,,,,,4.29,,0.009646
2013-11-15,417.95,,,,,4.21,,0.009685
2013-11-16,440.22,,,,,4.3,,0.01014
2013-11-17,492.11,,,,,4.09,,0.010209000000000001
2013-11-18,703.56,,,,,9.37,,0.010918
2013-11-19,584.61,,,,,8.03,,0.007225
2013-11-20,590.83,,,,,7.98,,0.0074670000000000005
2013-11-21,722.43,,,,,9.35,,0.009935
2013-11-22,771.44,,,,,10.13,,0.009717
2013-11-23,797.82,,,,,10.61,,0.009798000000000001
2013-11-24,774.25,,,,,10.41,,0.011668000000000001
2013-11-25,799.11,,,,,12.27,,0.018208000000000002
2013-11-26,928.1,,,,,20.35,,0.029913
2013-11-27,1001.96,,,,,39.04,,0.024096
2013-11-28,1031.95,,,,,43.39,,0.028981
2013-11-29,1131.97,,,,,37.74,,0.030986
2013-11-30,1129.43,,,,,40.47,,0.038386
2013-12-01,955.85,,,,,34.74,,0.051497
2013-12-02,1043.33,,,,,33.18,,0.055251999999999996
2013-12-03,1078.28,,,,,39.79,,0.048672
2013-12-04,1151.17,,,,,44.73,,0.058691999999999994
2013-12-05,1045.11,,,,,37.75,,0.055153
2013-12-06,829.45,,,,,29.84,,0.042211
2013-12-07,698.23,,,,,23.29,,0.033066000000000005
2013-12-08,795.87,,,,,27.27,,0.036456
2013-12-09,893.19,,,,,31.57,,0.03893
2013-12-10,988.51,,,,,36.29,,0.043784
2013-12-11,878.48,,,,,30.98,,0.037937
2013-12-12,873.26,,,,,31.59,,0.03465
2013-12-13,892.58,,,,,31.2,,0.035144999999999996
2013-12-14,872.6,,,,,30.38,,0.031939999999999996
2013-12-15,876.12,,,,,31.28,,0.029137
2013-12-16,705.97,,,,,24.64,,0.021565
2013-12-17,682.12,,,,,21.97,,0.018313
2013-12-18,522.7,,,,,13.39,,0.015852
2013-12-19,691.96,,,,,19.91,,0.021072999999999998
2013-12-20,625.32,,,,,17.57,,0.020850999999999998
2013-12-21,605.66,,,,,16.73,,0.021684000000000002
2013-12-22,617.18,,,,,16.86,,0.021716
2013-12-23,673.41,,,,,17.89,,0.023702
2013-12-24,665.58,,,,,17.64,,0.022575
2013-12-25,682.21,,,,,21.15,,0.022042
2013-12-26,761.98,,,,,24.76,,0.024385
2013-12-27,735.07,,,,,23.27,,0.027076
2013-12-28,727.83,,,,,22.56,,0.027302999999999997
2013-12-29,745.05,,,,,24.07,,0.027218
2013-12-30,756.13,,,,,24.38,,0.027460000000000002
2013-12-31,754.01,,,,,24.35,,0.02733
2014-01-01,771.4,,,,,24.62,,0.026944
2014-01-02,802.39,,,,,25.76,,0.028725999999999998
2014-01-03,818.72,,,,,24.82,,0.027627
2014-01-04,859.51,,,,,25.11,,0.028129
2014-01-05,933.53,,,,,26.83,,0.025228999999999998
2014-01-06,953.29,,,,,29.22,,0.0257
2014-01-07,802.0,,,,,23.25,,0.022986000000000003
2014-01-08,842.72,,,,,24.39,,0.023227
2014-01-09,846.86,,,,,24.43,,0.022368
2014-01-10,868.48,,,,,24.93,,0.022837
2014-01-11,913.95,,,,,26.79,,0.024019
2014-01-12,863.22,,,,,25.09,,0.022044
2014-01-13,841.2,,,,,24.27,,0.021664
2014-01-14,833.27,,,,,24.1,,0.021186
2014-01-15,860.9,,,,,25.22,,0.022221
2014-01-16,835.63,,,,,24.46,,0.021024
2014-01-17,814.64,,,,,23.71,,0.02053
2014-01-18,840.0,,,,,24.55,,0.021278000000000002
2014-01-19,870.96,,,,,25.44,,0.020875
2014-01-20,870.2,,,,,25.2,,0.019856
2014-01-21,863.91,,,,,24.73,,0.019927
2014-01-22,845.59,,,,,23.65,,0.019389
2014-01-23,822.04,,,,,22.38,,0.018534000000000002
2014-01-24,797.07,,,,,20.72,,0.018126
2014-01-25,853.61,,,,,23.08,,0.019141
2014-01-26,885.28,,,,,24.12,,0.020128999999999998
2014-01-27,771.39,,,,,20.02,,0.018966999999999998
2014-01-28,812.51,,,,,21.55,,0.020605000000000002
2014-01-29,826.0,,,,,21.92,,0.020337
2014-01-30,819.03,,,,,21.69,,0.020337
2014-01-31,829.92,,,,,22.13,,0.020503999999999998
2014-02-01,832.58,,,,,22.47,,0.020697999999999998
2014-02-02,825.37,,,,,22.4,,0.02156
2014-02-03,823.83,,,,,21.91,,0.021402
2014-02-04,827.96,,,,,21.46,,0.020997
2014-02-05,811.91,,,,,20.78,,0.020357
2014-02-06,781.55,,,,,19.91,,0.019752000000000002
2014-02-07,712.4,,,,,18.54,,0.018377
2014-02-08,673.92,,,,,18.08,,0.017487
2014-02-09,682.9,,,,,18.22,,0.01739
2014-02-10,681.03,,,,,17.73,,0.016677
2014-02-11,672.17,,,,,17.46,,0.017681
2014-02-12,651.72,,,,,16.95,,0.017174000000000002
2014-02-13,605.24,,,,,15.29,,0.016079
2014-02-14,661.99,,0.37402399999999997,,,16.41,,0.016367
2014-02-15,650.92,,0.314865,,,16.17,,0.016083
2014-02-16,616.63,,0.406976,,,15.2,,0.015338
2014-02-17,626.27,,1.45,,,15.49,,0.015293000000000001
2014-02-18,626.6,,1.04,,,15.62,,0.015286000000000001
2014-02-19,623.03,,0.9416469999999999,,,15.73,,0.015237
2014-02-20,556.14,,1.06,,,13.98,,0.014251
2014-02-21,574.16,,1.13,,,13.89,,0.015069999999999998
2014-02-22,605.42,,1.24,,,14.94,,0.015681999999999998
2014-02-23,605.82,,1.15,,,15.49,,0.015412
2014-02-24,546.32,,0.8419030000000001,,,14.55,,0.013590000000000001
2014-02-25,538.71,,0.527474,,,13.82,,0.01299
2014-02-26,582.69,,0.619451,,,14.23,,0.014093000000000001
2014-02-27,578.77,,0.61939,,,14.29,,0.014153
2014-02-28,549.26,,0.550661,,,13.23,,0.013666
2014-03-01,565.61,,0.937342,,,13.65,,0.013799
2014-03-02,559.79,,1.03,,,12.74,,0.013543000000000001
2014-03-03,667.76,,1.21,,,14.27,,0.015596
2014-03-04,666.78,,0.987557,,,17.07,,0.016135
2014-03-05,665.51,,1.03,,,16.34,,0.016008
2014-03-06,663.86,,1.05,,,16.46,,0.015921
2014-03-07,629.15,,0.877912,,,15.85,,0.015009
2014-03-08,617.45,,0.914905,,,15.41,,0.014403999999999998
2014-03-09,636.96,,0.872964,,,16.0,,0.014745
2014-03-10,627.79,,0.8102560000000001,,,16.01,,0.014745
2014-03-11,634.11,,0.8913,,,16.14,,0.014279
2014-03-12,632.1,,0.865936,,,17.18,,0.014353
2014-03-13,638.14,,0.8333360000000001,,,17.02,,0.014333000000000002
2014-03-14,628.8,,0.811341,,,16.59,,0.014197999999999999
2014-03-15,636.12,,0.7912,,,16.9,,0.014344999999999998
2014-03-16,631.11,,0.775647,,,17.35,,0.014306000000000001
2014-03-17,622.37,,0.781925,,,17.31,,0.014112000000000001
2014-03-18,614.83,,0.75221,,,19.42,,0.01405
2014-03-19,609.89,,0.743559,,,17.24,,0.013963
2014-03-20,588.77,,0.725089,,,16.47,,0.013637999999999999
2014-03-21,571.49,,0.7046479999999999,,,15.7,,0.01325
2014-03-22,565.04,,0.71468,,,15.71,,0.012953999999999999
2014-03-23,561.27,,0.7182569999999999,,,15.36,,0.012651
2014-03-24,583.41,,0.866518,,,16.19,,0.012871
2014-03-25,583.92,,0.8201,,,16.3,,0.012830000000000001
2014-03-26,580.83,,0.858815,,,16.27,,0.012594
2014-03-27,471.24,,0.6835,,,12.48,,0.010226
2014-03-28,495.67,,0.697426,,,13.74,,0.010551000000000001
2014-03-29,491.17,,0.703475,,,13.45,,0.010338
2014-03-30,460.27,,0.662486,,,13.14,,0.009653
2014-03-31,457.0,,0.641774,,,12.75,,0.008785
2014-04-01,478.38,,0.724105,,,13.13,,0.008757
2014-04-02,437.14,,0.6150439999999999,,,11.29,,0.007922
2014-04-03,444.72,,0.638183,,,11.05,,0.007944
2014-04-04,447.53,,0.648937,,,11.02,,0.008094
2014-04-05,461.91,,0.700444,,,11.2,,0.008324
2014-04-06,460.5,,0.641513,,,11.64,,0.008246999999999999
2014-04-07,449.42,,0.6041,,,11.26,,0.008034999999999999
2014-04-08,453.09,,0.603018,,,11.36,,0.008013
2014-04-09,442.73,,0.587437,,,11.19,,0.007866
2014-04-10,365.18,,0.45703599999999994,,,8.46,,0.006318
2014-04-11,420.95,,0.5489069999999999,,,10.95,,0.006581999999999999
2014-04-12,421.12,,0.571875,,,10.66,,0.006257
2014-04-13,414.06,,0.539027,,,10.31,,0.005987
2014-04-14,458.79,,0.583917,,,11.52,,0.006518
2014-04-15,515.59,,0.647564,,,13.25,,0.007719
2014-04-16,527.39,,0.655656,,,13.37,,0.007023000000000001
2014-04-17,495.96,,0.6158560000000001,,,12.52,,0.006339
2014-04-18,479.64,,0.7897770000000001,,,12.06,,0.00621
2014-04-19,501.56,,0.736829,,,12.82,,0.0064730000000000005
2014-04-20,498.17,,0.7229260000000001,,,12.62,,0.006214
2014-04-21,495.77,,0.708118,,,12.5,,0.006142
2014-04-22,487.92,,0.722089,,,12.07,,0.006059
2014-04-23,491.3,,0.8730709999999999,,,12.13,,0.00611
2014-04-24,500.46,,1.06,,,12.55,,0.006069
2014-04-25,461.45,,1.69,,,10.79,,0.005490999999999999
2014-04-26,458.6,,1.72,,,10.57,,0.0053939999999999995
2014-04-27,436.39,,1.71,,,9.92,,0.0048590000000000005
2014-04-28,440.29,,1.67,,,10.13,,0.005139
2014-04-29,447.21,,1.64,,,10.4,,0.005362
2014-04-30,447.64,,1.54,,,10.9,,0.005364
2014-05-01,457.76,,1.52,,,11.1,,0.005413
2014-05-02,449.38,,1.35,,,10.5,,0.005315
2014-05-03,437.76,,1.2,,,10.31,,0.005024
2014-05-04,436.4,,1.55,,,10.32,,0.005024
2014-05-05,433.48,,1.67,,,10.18,,0.005214
2014-05-06,428.96,,1.61,,,10.33,,0.005973
2014-05-07,438.82,,1.63,,,10.51,,0.006351
2014-05-08,440.17,,1.65,,,10.45,,0.0060799999999999995
2014-05-09,449.46,,2.23,,,10.75,,0.006063000000000001
2014-05-10,454.43,,2.57,,,10.73,,0.005975
2014-05-11,438.89,,2.57,,,10.36,,0.005754
2014-05-12,441.46,,2.47,,,10.41,,0.005937
2014-05-13,440.67,,2.77,,,10.42,,0.00634
2014-05-14,443.97,,4.01,,,10.43,,0.007154000000000001
2014-05-15,447.25,,5.76,,,10.45,,0.007098999999999999
2014-05-16,448.06,,5.92,,,10.41,,0.0069099999999999995
2014-05-17,448.9,,4.74,,,10.35,,0.006487000000000001
2014-05-18,446.26,,6.38,,,10.36,,0.006004
2014-05-19,446.18,,6.94,,,10.3,,0.006034
2014-05-20,485.72,,6.88,,,10.63,,0.006711
2014-05-21,491.77,,7.99,,,10.59,1.6,0.006669
2014-05-22,524.58,,11.23,,,10.67,2.1,0.003993
2014-05-23,520.22,,13.49,,,11.23,2.96,0.003315
2014-05-24,525.14,,12.1,,,11.1,3.7,0.004111
2014-05-25,571.59,,15.13,,,11.53,3.14,0.003646
2014-05-26,583.42,,11.29,,,11.56,3.02,0.0037990000000000003
2014-05-27,571.24,,10.57,,,11.15,2.21,0.0046429999999999996
2014-05-28,577.06,,7.21,,,11.03,2.27,0.005005
2014-05-29,568.18,,9.38,,,10.78,1.68,0.004790999999999999
2014-05-30,615.33,,11.05,,,11.25,1.57,0.004232
2014-05-31,623.68,,11.33,,,10.93,1.94,0.004146
2014-06-01,630.23,,12.93,,,11.14,1.74,0.004092
2014-06-02,660.62,,14.48,,,11.36,1.73,0.004339
2014-06-03,667.61,,13.9,,,11.48,1.93,0.004385
2014-06-04,641.61,,12.5,,,11.06,1.81,0.003952000000000001
2014-06-05,659.26,,10.61,,,11.29,,0.003841
2014-06-06,653.7,,11.77,,,11.2,1.24,0.003915999999999999
2014-06-07,654.97,,10.38,,,11.11,1.36,0.003961
2014-06-08,656.14,,9.5,,,11.27,1.34,0.003974
2014-06-09,649.16,,9.54,,,11.18,1.52,0.004225
2014-06-10,653.15,,11.65,,,11.11,1.73,0.004547
2014-06-11,633.02,,10.27,,,10.94,1.62,0.0044210000000000005
2014-06-12,586.95,,10.18,,,10.17,1.74,0.0040479999999999995
2014-06-13,600.16,,10.64,,,10.25,1.92,0.004161
2014-06-14,577.36,,10.24,,,9.93,2.34,0.004017
2014-06-15,592.94,,10.35,,,9.94,2.69,0.004197
2014-06-16,592.19,,10.13,,,9.71,3.18,0.004173
2014-06-17,610.86,,10.21,,,9.66,2.82,0.004264
2014-06-18,607.96,,10.22,,,9.68,2.79,0.004247
2014-06-19,598.07,,10.97,,,9.99,3.13,0.004229999999999999
2014-06-20,594.15,,10.34,,,9.83,4.56,0.004188
2014-06-21,594.99,,9.29,,,9.83,5.01,0.00415
2014-06-22,602.27,,9.46,,,9.77,4.35,0.004187
2014-06-23,593.98,,9.8,,,9.72,3.98,0.004085
2014-06-24,582.36,,9.44,,,9.63,3.28,0.0040490000000000005
2014-06-25,566.34,,8.99,,,9.19,3.39,0.0039310000000000005
2014-06-26,581.14,,10.0,,,9.09,2.89,0.004051
2014-06-27,597.26,,10.09,,,9.25,2.2,0.003993
2014-06-28,596.55,,9.53,,,9.19,2.55,0.003922999999999999
2014-06-29,602.72,,9.23,,,8.96,2.54,0.004013
2014-06-30,639.8,,8.93,,,8.95,2.5,0.0037799999999999995
2014-07-01,640.81,,7.9,,,7.79,2.35,0.0036229999999999995
2014-07-02,650.88,,6.99,,,8.16,2.31,0.0034840000000000006
2014-07-03,645.16,,7.82,,,8.03,2.64,0.00336
2014-07-04,630.69,,7.56,,,7.34,2.64,0.003246
2014-07-05,631.46,,7.12,,,7.28,2.47,0.0031320000000000002
2014-07-06,635.81,,6.66,,,7.11,2.4,0.00281
2014-07-07,624.09,,6.53,,,7.56,1.99,0.003082
2014-07-08,624.82,,7.17,,,7.73,2.35,0.0033
2014-07-09,624.51,,7.1,,,7.79,2.01,0.003879
2014-07-10,616.76,,6.79,,,7.79,1.89,0.004074
2014-07-11,632.0,,6.52,,,7.85,1.79,0.004298
2014-07-12,633.71,,6.54,,,8.62,1.73,0.0043170000000000005
2014-07-13,626.5,,6.35,,,8.9,1.79,0.004306
2014-07-14,619.32,,6.2,,,8.62,1.97,0.004367
2014-07-15,621.59,,6.3,,,8.56,2.11,0.004514
2014-07-16,616.8,,6.35,,,8.32,2.71,0.004898
2014-07-17,623.09,,7.44,,,8.66,2.98,0.006162
2014-07-18,628.78,,7.21,,,8.72,2.62,0.006364
2014-07-19,628.51,,7.06,,,8.61,2.88,0.005298
2014-07-20,623.9,,7.11,,,8.46,2.63,0.005383
2014-07-21,622.21,,6.77,,,8.59,3.09,0.005362
2014-07-22,621.55,,6.41,,,8.57,3.2,0.005643
2014-07-23,619.41,,6.37,,,8.46,2.91,0.006144
2014-07-24,601.73,,6.18,,,7.79,2.36,0.005929
2014-07-25,601.09,,6.07,,,7.55,2.71,0.006043
2014-07-26,595.81,,5.97,,,7.6,2.62,0.0060409999999999995
2014-07-27,593.85,,5.83,,,7.75,2.55,0.006021
2014-07-28,585.69,,5.17,,,7.59,2.7,0.006157
2014-07-29,584.73,,4.79,,,7.65,2.62,0.006065999999999999
2014-07-30,567.29,,4.45,,,7.26,2.54,0.005097
2014-07-31,586.24,,5.57,,,7.54,2.55,0.005189
2014-08-01,594.92,,5.64,,,7.7,2.67,0.005369
2014-08-02,589.33,,5.71,,,7.63,2.5,0.005294
2014-08-03,586.67,,5.8,,,7.54,2.36,0.005215
2014-08-04,588.78,,5.31,,,7.41,2.01,0.004947999999999999
2014-08-05,585.44,,5.41,,,7.27,2.15,0.005104
2014-08-06,584.65,,5.77,,,7.18,2.19,0.005256
2014-08-07,588.87,,5.65,,,7.18,2.14,0.005343
2014-08-08,592.58,,5.99,,,7.06,2.18,0.005462
2014-08-09,589.37,,5.59,,,6.94,2.1,0.005242
2014-08-10,591.06,,5.72,,,6.95,2.06,0.004975
2014-08-11,576.37,,5.08,,,6.06,2.08,0.005214
2014-08-12,569.64,,5.02,,,5.65,2.0,0.005044
2014-08-13,546.66,,4.86,,,5.04,1.9,0.0049700000000000005
2014-08-14,505.97,,4.06,,,5.04,1.76,0.005227000000000001
2014-08-15,497.01,,3.64,,,5.05,1.59,0.00541
2014-08-16,519.71,,2.92,,,4.98,1.6,0.005418
2014-08-17,491.8,,2.36,,,4.33,1.46,0.005177
2014-08-18,461.46,,1.54,,,3.71,1.45,0.004979
2014-08-19,485.25,,3.32,,,4.67,1.65,0.005051
2014-08-20,511.98,,3.81,,,5.45,1.83,0.005265
2014-08-21,517.24,,3.38,,,5.8,1.82,0.005117
2014-08-22,514.04,,3.17,,,5.25,1.78,0.005095000000000001
2014-08-23,498.07,,2.99,,,4.9,1.81,0.005016
2014-08-24,508.29,,3.09,,,5.45,1.95,0.005154
2014-08-25,502.5,,2.68,,,5.21,2.05,0.004974
2014-08-26,511.57,,2.72,,,5.54,2.01,0.004837
2014-08-27,511.15,,2.29,,,5.39,2.01,0.0050149999999999995
2014-08-28,507.81,,2.37,,,5.28,2.21,0.005062
2014-08-29,508.52,,2.55,,,5.36,2.21,0.005017
2014-08-30,504.25,,2.43,,,5.23,2.44,0.004961
2014-08-31,477.76,,2.41,,,4.86,2.17,0.004887
2014-09-01,474.88,,2.27,,,4.71,2.04,0.005025
2014-09-02,477.43,,2.32,,,4.82,1.96,0.004640999999999999
2014-09-03,477.59,,2.64,,,4.87,2.03,0.004776
2014-09-04,489.66,,3.08,,,5.18,2.05,0.004804999999999999
2014-09-05,483.34,,2.84,,,4.96,1.98,0.004874
2014-09-06,484.83,,2.98,,,4.98,1.95,0.004795000000000001
2014-09-07,482.28,,2.9,,,5.16,1.88,0.004704
2014-09-08,474.6,,2.78,,,5.1,1.87,0.004711
2014-09-09,475.26,,2.91,,,5.07,1.77,0.004719
2014-09-10,479.36,,2.82,,,5.34,1.97,0.00475
2014-09-11,479.75,,2.8,,,5.45,1.94,0.004749000000000001
2014-09-12,477.75,,2.85,,,5.38,1.88,0.004713
2014-09-13,479.0,,2.87,,,5.45,1.85,0.004706
2014-09-14,477.89,,2.8,,,5.4,1.82,0.005136
2014-09-15,475.37,,3.07,,,5.18,1.9,0.00505
2014-09-16,466.06,,3.33,,,5.07,1.84,0.005124
2014-09-17,457.33,,3.75,,,5.06,1.77,0.005399
2014-09-18,424.44,,3.87,,,4.69,1.57,0.005135
2014-09-19,394.8,,3.43,,,4.33,1.45,0.004942
2014-09-20,408.9,,3.18,,,4.29,1.27,0.004772
2014-09-21,398.82,,2.97,,,4.25,1.27,0.00457
2014-09-22,402.15,,3.36,,,4.24,1.26,0.004657
2014-09-23,435.79,,3.4,,,4.75,1.47,0.004613
2014-09-24,423.2,,3.34,,,4.67,1.51,0.004668
2014-09-25,411.57,,3.0,,,4.51,1.4,0.004722
2014-09-26,404.43,,2.89,,,4.43,1.39,0.0046159999999999994
2014-09-27,399.52,,2.84,,,4.42,1.31,0.004705
2014-09-28,377.18,,2.9,,,4.23,1.22,0.005282
2014-09-29,375.47,,2.85,,,4.25,1.15,0.004705
2014-09-30,386.94,,2.7,,,4.47,1.22,0.004644
2014-10-01,383.62,,2.46,,,4.43,1.2,0.004752
2014-10-02,375.07,,2.44,,,4.32,1.19,0.004874
2014-10-03,359.51,,2.4,,,4.18,1.1,0.005023
2014-10-04,328.87,,2.24,,,3.94,0.977628,0.004941
2014-10-05,320.51,,2.25,,,3.7,0.879503,0.004789
2014-10-06,330.08,,2.25,,,3.82,0.9797030000000001,0.00473
2014-10-07,336.19,,2.13,,,3.86,1.0,0.004765
2014-10-08,352.94,,2.34,,,3.91,1.09,0.004787
2014-10-09,365.03,,2.4,,,3.9,1.11,0.004824
2014-10-10,361.56,,2.24,,,3.81,1.14,0.004871
2014-10-11,362.3,,2.17,,,3.77,1.08,0.004753
2014-10-12,378.55,,2.14,,,3.85,1.09,0.0048579999999999995
2014-10-13,390.41,,2.57,,,3.86,1.1,0.004784
2014-10-14,400.87,,2.06,,,4.08,1.07,0.004872
2014-10-15,394.77,,2.07,,,4.06,0.9908110000000001,0.0048270000000000006
2014-10-16,382.56,,2.18,,,3.99,0.999458,0.004855
2014-10-17,383.76,,2.27,,,3.99,0.973198,0.0049039999999999995
2014-10-18,391.44,,2.29,,,4.06,0.96583,0.004965
2014-10-19,389.55,,2.27,,,3.99,0.9944360000000001,0.004949
2014-10-20,382.85,,2.11,,,3.91,0.9503940000000001,0.005072999999999999
2014-10-21,386.48,,2.08,,,3.94,0.9577829999999999,0.005193
2014-10-22,383.16,,2.07,,,3.84,0.946716,0.005187
2014-10-23,358.42,,2.11,,,3.74,0.8654959999999999,0.005142
2014-10-24,358.35,,2.04,,,3.75,0.762157,0.005082
2014-10-25,347.27,,1.92,,,3.67,0.7398020000000001,0.004719
2014-10-26,354.7,,1.93,,,3.73,0.6944020000000001,0.004548
2014-10-27,352.99,,1.91,,,3.81,0.722831,0.0048909999999999995
2014-10-28,357.62,,1.9,,,3.85,0.689257,0.004845
2014-10-29,335.59,,1.61,,,3.73,0.6330600000000001,0.004776
2014-10-30,345.31,,1.79,,,3.79,0.614064,0.00489
2014-10-31,338.32,,1.79,,,3.75,0.607218,0.004867
2014-11-01,325.75,,1.67,,,3.57,0.585832,0.004671
2014-11-02,325.89,,1.66,,,3.59,0.579494,0.004664
2014-11-03,327.55,,1.63,,,3.58,0.5763229999999999,0.00481
2014-11-04,330.49,,1.65,,,3.59,0.547635,0.004804999999999999
2014-11-05,339.49,,1.75,,,3.64,0.571982,0.004861
2014-11-06,349.29,,1.99,,,3.65,0.595903,0.004877
2014-11-07,342.42,,2.13,,,3.56,0.616295,0.004877
2014-11-08,345.49,,2.73,,,3.56,0.643877,0.004907
2014-11-09,363.26,,2.99,,,3.63,0.7213689999999999,0.004926
2014-11-10,366.92,,2.53,,,3.7,0.735697,0.004901
2014-11-11,367.69,,2.43,,,3.68,0.717955,0.004899000000000001
2014-11-12,423.56,,2.64,,,4.07,0.73232,0.005097
2014-11-13,420.74,,2.58,,,4.1,0.70453,0.005035
2014-11-14,397.82,,2.41,,,3.99,0.689225,0.005197
2014-11-15,376.13,,2.49,,,3.85,0.641145,0.005052
2014-11-16,387.88,,2.74,,,3.88,0.6545310000000001,0.005181
2014-11-17,387.41,,2.33,,,3.88,0.58478,0.00534
2014-11-18,375.2,,2.36,,,3.77,0.599073,0.005432
2014-11-19,380.56,,2.38,,,3.81,0.559003,0.005696
2014-11-20,357.84,,2.26,,,3.61,0.525171,0.006058
2014-11-21,350.85,,2.22,,,3.5,0.53249,0.006589
2014-11-22,352.92,,2.26,,,3.52,0.534829,0.007663
2014-11-23,367.57,,2.31,,,3.59,0.5268970000000001,0.008598999999999999
2014-11-24,376.9,,2.32,,,3.63,0.53174,0.008562
2014-11-25,375.35,,2.37,,,3.57,0.595471,0.00974
2014-11-26,368.37,,2.36,,,3.56,0.5627409999999999,0.011004
2014-11-27,369.67,,2.32,,,3.56,0.5575399999999999,0.014205
2014-11-28,376.45,,2.38,,,3.6,0.564761,0.015165000000000001
2014-11-29,375.49,,2.37,,,3.59,0.565711,0.013982
2014-11-30,378.05,,2.39,,,3.58,0.5675520000000001,0.011211
2014-12-01,379.25,,2.37,,,3.58,0.4745,0.012559
2014-12-02,381.31,,2.43,,,3.63,0.527409,0.013158000000000001
2014-12-03,375.01,,2.43,,,3.61,0.507566,0.013130000000000001
2014-12-04,369.6,,2.33,,,3.59,0.45646800000000004,0.013343
2014-12-05,376.85,,2.37,,,3.62,0.428893,0.013784999999999999
2014-12-06,374.79,,2.35,,,3.61,0.44370299999999996,0.014406
2014-12-07,375.1,,2.37,,,3.71,0.47055600000000003,0.014794
2014-12-08,361.91,,2.3,,,3.65,0.44834399999999996,0.013421
2014-12-09,352.22,,2.26,,,3.52,0.389608,0.015068000000000002
2014-12-10,346.37,,2.24,,,3.5,0.38965900000000003,0.015908000000000002
2014-12-11,350.51,,2.29,,,3.48,0.398488,0.016374
2014-12-12,352.54,,2.27,,,3.49,0.375733,0.016374
2014-12-13,347.38,,2.24,,,3.48,0.375961,0.016992
2014-12-14,351.63,,2.24,,,3.48,0.383506,0.017127
2014-12-15,345.35,,2.13,,,3.45,0.382897,0.018241999999999998
2014-12-16,327.06,,1.98,,,3.02,0.337857,0.021539
2014-12-17,319.78,,1.94,,,2.94,0.338319,0.026064999999999998
2014-12-18,311.4,,1.81,,,2.81,0.31638299999999997,0.027939999999999996
2014-12-19,317.84,,1.89,,,2.87,0.319859,0.023338
2014-12-20,329.96,,1.98,,,2.92,0.339099,0.024207
2014-12-21,320.84,,1.91,,,2.85,0.343806,0.024921000000000002
2014-12-22,331.89,,1.91,,,2.89,0.34479899999999997,0.025562
2014-12-23,334.57,,1.92,,,2.88,0.38109299999999996,0.023878
2014-12-24,322.53,,1.93,,,2.74,0.425367,0.023382
2014-12-25,319.01,,1.8,,,2.7,0.452427,0.024138
2014-12-26,327.92,,2.03,,,2.78,0.4337,0.025308
2014-12-27,315.86,,1.95,,,2.72,0.5105729999999999,0.024074
2014-12-28,317.24,,1.95,,,2.73,0.563872,0.023763999999999997
2014-12-29,312.67,,1.91,,,2.69,0.487799,0.024231
2014-12-30,310.74,,1.89,,,2.7,0.489046,0.0242
2014-12-31,320.19,,1.97,,,2.72,0.43466000000000005,0.024437999999999998
2015-01-01,314.25,,1.94,,,2.7,0.46576000000000006,0.024390000000000002
2015-01-02,315.03,,1.94,,,2.67,0.45913699999999996,0.024318
2015-01-03,281.08,,1.72,,,2.13,0.461172,0.022106
2015-01-04,264.19,,1.63,,,1.96,0.417234,0.018928
2015-01-05,274.47,,1.67,,,2.08,0.421412,0.020316
2015-01-06,286.19,,1.72,,,2.11,0.461609,0.020732
2015-01-07,294.34,,1.72,,,2.12,0.463607,0.020843
2015-01-08,283.35,,1.72,,,2.01,0.429175,0.020676
2015-01-09,290.41,,1.71,,,1.98,0.43180100000000005,0.020576
2015-01-10,274.8,,1.66,,,1.65,0.419216,0.019233
2015-01-11,265.66,,1.64,,,1.72,0.37874800000000003,0.018765
2015-01-12,267.8,,1.66,,,1.71,0.364316,0.018434
2015-01-13,225.86,,1.35,,,1.54,0.309479,0.015648
2015-01-14,178.1,,1.08,,,1.16,0.22352199999999997,0.014233
2015-01-15,209.84,,1.29,,,1.28,0.261714,0.016444
2015-01-16,208.1,,1.28,,,1.4,0.278449,0.016403
2015-01-17,199.26,,1.22,,,1.29,0.24805700000000003,0.015361000000000001
2015-01-18,210.34,,1.31,,,1.33,0.258656,0.015622
2015-01-19,214.86,,1.37,,,1.34,0.254181,0.015991
2015-01-20,211.31,,1.43,,,1.32,0.236223,0.016112
2015-01-21,226.9,,1.6,,,1.37,0.261268,0.016653
2015-01-22,233.41,,1.63,,,1.42,0.273442,0.01701
2015-01-23,232.88,,1.59,,,1.43,0.283141,0.016734
2015-01-24,247.85,,1.74,,,1.84,0.298369,0.016736
2015-01-25,253.72,,1.81,,,2.25,0.310227,0.016578
2015-01-26,273.47,,1.88,,,2.08,0.317078,0.016019
2015-01-27,263.48,,1.82,,,2.09,0.320371,0.015841
2015-01-28,233.91,,1.65,,,1.87,0.290979,0.014969999999999999
2015-01-29,233.51,,1.64,,,1.92,0.309911,0.014706
2015-01-30,226.43,,1.64,,,1.9,0.294018,0.014443000000000001
2015-01-31,217.46,,1.61,,,1.87,0.28436300000000003,0.014297999999999998
2015-02-01,226.97,,1.88,,,1.8,0.299954,0.014138999999999999
2015-02-02,238.23,,1.93,,,1.88,0.301242,0.013669999999999998
2015-02-03,227.27,,1.79,,,1.82,0.288734,0.013025
2015-02-04,226.85,,1.83,,,1.79,0.289486,0.013498
2015-02-05,217.11,,1.77,,,1.74,0.272273,0.014466
2015-02-06,222.27,,1.79,,,1.76,0.27077199999999996,0.015184999999999999
2015-02-07,227.75,,1.86,,,1.78,0.275702,0.014577000000000001
2015-02-08,223.41,,1.84,,,1.78,0.265034,0.014427
2015-02-09,220.11,,2.17,,,1.73,0.251738,0.013994
2015-02-10,219.84,,2.49,,,1.76,0.244719,0.013649000000000001
2015-02-11,219.19,,3.23,,,1.73,0.23149699999999998,0.013775999999999998
2015-02-12,221.76,,2.81,,,1.76,0.246741,0.014039
2015-02-13,235.43,,2.92,,,1.82,0.255641,0.014565999999999999
2015-02-14,257.32,,2.88,,,1.94,0.28032199999999996,0.014956
2015-02-15,234.82,,2.76,,,1.84,0.25138,0.013712
2015-02-16,233.84,,2.75,,,1.8,0.251039,0.01375
2015-02-17,243.61,,2.63,,,1.85,0.253231,0.014031
2015-02-18,236.33,,2.84,,,1.83,0.248507,0.013791
2015-02-19,240.28,,2.83,,,1.85,0.28279099999999996,0.013758000000000001
2015-02-20,243.78,,2.74,,,1.85,0.30567300000000003,0.013481
2015-02-21,244.53,,2.78,,,1.85,0.302557,0.013286000000000001
2015-02-22,235.98,,2.53,,,1.8,0.313139,0.013130000000000001
2015-02-23,238.89,,2.52,,,1.82,0.337887,0.013334
2015-02-24,238.74,,2.94,,,1.83,0.340267,0.013396000000000002
2015-02-25,237.47,,2.77,,,1.8,0.365243,0.013401
2015-02-26,236.43,,2.73,,,1.81,0.357721,0.013299
2015-02-27,253.83,,3.04,,,1.85,0.381008,0.013359999999999999
2015-02-28,254.26,,3.24,,,1.84,0.427227,0.012998
2015-03-01,260.2,,3.33,,,1.89,0.42602799999999996,0.012239
2015-03-02,275.67,,3.62,,,1.94,0.42843400000000004,0.012192
2015-03-03,281.7,,3.47,,,1.96,0.41507799999999995,0.010593
2015-03-04,273.09,,3.5,,,1.93,0.41315100000000005,0.010032
2015-03-05,276.18,,3.41,,,1.92,0.46962600000000004,0.011543000000000001
2015-03-06,272.72,,3.33,,,1.9,0.48603900000000005,0.010856000000000001
2015-03-07,276.26,,3.43,,,1.91,0.457321,0.010535
2015-03-08,274.35,,3.39,,,1.89,0.484062,0.009961
2015-03-09,289.61,,3.54,,,1.94,0.63489,0.010643000000000001
2015-03-10,291.76,,3.03,,,2.01,0.7918430000000001,0.010086
2015-03-11,296.38,,3.13,,,2.03,0.7157819999999999,0.010229
2015-03-12,294.35,,3.07,,,2.04,0.684608,0.010359
2015-03-13,285.34,,2.91,,,2.01,0.644822,0.010511
2015-03-14,281.88,,2.93,,,2.0,0.676167,0.011087999999999999
2015-03-15,286.39,,3.12,,,2.02,0.69425,0.010817
2015-03-16,290.59,,3.3,,,2.03,0.8059430000000001,0.010968
2015-03-17,285.5,,3.27,,,1.98,0.752221,0.010929000000000001
2015-03-18,256.3,,3.09,,,1.74,0.638029,0.010575
2015-03-19,260.93,,3.37,,,1.76,0.6773819999999999,0.01048
2015-03-20,261.75,,3.7,,,1.77,0.633158,0.010445999999999999
2015-03-21,260.02,,4.63,,,1.75,0.743222,0.010182
2015-03-22,267.96,,4.61,,,1.8,0.777347,0.010196
2015-03-23,266.74,,4.98,,,1.78,0.766353,0.010308
2015-03-24,245.59,,5.07,,,1.65,0.711852,0.009757
2015-03-25,246.2,,5.28,,,1.67,0.767497,0.009115
2015-03-26,248.53,,4.99,,,1.7,0.746328,0.008764
2015-03-27,247.03,,4.76,,,1.69,0.777714,0.008895
2015-03-28,252.8,,5.04,,,1.7,0.795417,0.008851000000000001
2015-03-29,242.71,,4.6,,,1.66,0.7121529999999999,0.008498
2015-03-30,247.53,,4.34,,,1.67,0.853188,0.008453
2015-03-31,244.22,,4.02,,,1.65,0.9070590000000001,0.007772
2015-04-01,247.27,,3.83,,,1.66,1.01,0.007668
2015-04-02,253.0,,4.54,,,1.68,0.96926,0.007906
2015-04-03,254.32,,4.36,,,1.7,0.9522450000000001,0.00872
2015-04-04,253.7,,4.13,,,1.69,0.85929,0.008844
2015-04-05,260.6,,4.17,,,1.7,0.8837309999999999,0.008739
2015-04-06,255.49,,4.09,,,1.69,0.789463,0.008786
2015-04-07,253.18,,3.78,,,1.67,0.8333020000000001,0.009071
2015-04-08,245.02,,3.68,,,1.63,0.755192,0.009198
2015-04-09,243.68,,3.42,,,1.59,0.758207,0.00878
2015-04-10,236.07,,3.23,,,1.53,0.800381,0.008512
2015-04-11,236.55,,3.33,,,1.46,0.827207,0.0083
2015-04-12,236.15,,3.3,,,1.46,0.800135,0.00861
2015-04-13,224.59,,3.21,,,1.38,0.6917409999999999,0.008194
2015-04-14,219.16,,3.1,,,1.38,0.656934,0.008159
2015-04-15,223.83,,3.02,,,1.38,0.673307,0.007949
2015-04-16,228.57,,3.01,,,1.42,0.678599,0.00801
2015-04-17,222.88,,2.83,,,1.41,0.658304,0.008025
2015-04-18,223.36,,2.93,,,1.41,0.694249,0.0079
2015-04-19,222.6,,2.8,,,1.39,0.662209,0.007845999999999999
2015-04-20,224.63,,2.65,,,1.41,0.678942,0.007932
2015-04-21,235.27,,2.89,,,1.42,0.632725,0.007968000000000001
2015-04-22,234.18,,3.25,,,1.45,0.576331,0.008025
2015-04-23,236.46,,3.63,,,1.46,0.603233,0.008019
2015-04-24,231.27,,3.18,,,1.42,0.569937,0.008076999999999999
2015-04-25,226.39,,3.1,,,1.4,0.5647399999999999,0.008291
2015-04-26,219.43,,3.05,,,1.32,0.556385,0.00774
2015-04-27,229.29,,2.99,,,1.38,0.566088,0.007765
2015-04-28,225.85,,3.04,,,1.36,0.47931,0.00763
2015-04-29,225.81,,2.97,,,1.36,0.491526,0.007863
2015-04-30,236.15,,2.97,,,1.44,0.501179,0.008029000000000001
2015-05-01,232.08,,2.74,,,1.41,0.49999799999999994,0.008018
2015-05-02,234.93,,2.75,,,1.42,0.49757700000000005,0.008037
2015-05-03,240.36,,2.7,,,1.43,0.499079,0.008055
2015-05-04,239.02,,2.88,,,1.41,0.46788900000000005,0.008017
2015-05-05,236.12,,2.85,,,1.41,0.471166,0.007909999999999999
2015-05-06,229.78,,2.82,,,1.39,0.45825699999999997,0.007781999999999999
2015-05-07,237.33,,2.81,,,1.46,0.473934,0.007529000000000001
2015-05-08,243.86,,2.76,,,1.48,0.490568,0.007490999999999999
2015-05-09,241.83,,2.76,,,1.45,0.5136930000000001,0.007573999999999999
2015-05-10,240.3,,2.68,,,1.44,0.565103,0.007382
2015-05-11,242.16,,2.76,,,1.44,0.511342,0.007359999999999999
2015-05-12,241.11,,2.71,,,1.45,0.477612,0.007213
2015-05-13,236.38,,2.69,,,1.45,0.483207,0.006856999999999999
2015-05-14,236.93,,2.84,,,1.45,0.49554799999999993,0.006601999999999999
2015-05-15,237.6,,2.87,,,1.45,0.5449649999999999,0.0066549999999999995
2015-05-16,236.15,,3.0,,,1.45,0.595673,0.006587999999999999
2015-05-17,236.8,,2.93,,,1.45,0.5572159999999999,0.0063289999999999996
2015-05-18,233.13,,2.86,,,1.45,0.5357729999999999,0.005748
2015-05-19,231.95,,2.89,,,1.45,0.51466,0.006539
2015-05-20,234.02,,2.88,,,1.46,0.492917,0.0066359999999999995
2015-05-21,235.34,,2.84,,,1.48,0.46295600000000003,0.006573000000000001
2015-05-22,240.35,,2.91,,,1.83,0.460764,0.0066489999999999995
2015-05-23,238.87,,2.87,,,1.79,0.470987,0.0068
2015-05-24,240.95,,2.9,,,1.83,0.479603,0.006809
2015-05-25,237.11,,2.82,,,1.8,0.463606,0.006925
2015-05-26,237.12,,2.67,,,1.82,0.446883,0.006794
2015-05-27,237.28,,2.63,,,1.85,0.421971,0.0069370000000000005
2015-05-28,237.41,,2.74,,,1.84,0.443637,0.007857
2015-05-29,237.1,,2.82,,,1.83,0.43987200000000004,0.009056
2015-05-30,233.34,,2.71,,,1.81,0.445107,0.008409
2015-05-31,230.19,,2.76,,,1.64,0.45088900000000004,0.00829
2015-06-01,222.93,,2.65,,,1.62,0.45161899999999994,0.007579000000000001
2015-06-02,225.8,,2.8,,,1.67,0.455539,0.007981
2015-06-03,225.87,,2.75,,,1.69,0.45347600000000005,0.008012
2015-06-04,224.32,,2.8,,,1.67,0.476494,0.007879
2015-06-05,224.95,,2.82,,,1.76,0.498892,0.007956
2015-06-06,225.62,,2.82,,,1.76,0.526428,0.007905
2015-06-07,222.88,,2.81,,,1.73,0.517933,0.007873999999999999
2015-06-08,228.49,,2.83,,,1.79,0.542956,0.007999
2015-06-09,229.05,,2.77,,,1.8,0.49599099999999996,0.007995
2015-06-10,228.8,,2.7,,,1.76,0.479738,0.007999
2015-06-11,229.71,,2.78,,,1.79,0.46285200000000004,0.008042
2015-06-12,229.98,,2.8,,,1.8,0.470966,0.008057
2015-06-13,232.4,,2.8,,,1.86,0.489472,0.008093000000000001
2015-06-14,233.54,,2.81,,,2.0,0.49496999999999997,0.008147
2015-06-15,236.82,,2.74,,,2.02,0.508224,0.008579
2015-06-16,250.9,,2.99,,,2.88,0.5060859999999999,0.009424
2015-06-17,249.28,,3.0,,,2.89,0.50334,0.009678
2015-06-18,249.01,,2.96,,,3.1,0.50388,0.010251999999999999
2015-06-19,244.61,,2.9,,,2.81,0.511796,0.011207
2015-06-20,245.21,,2.87,,,3.04,0.53798,0.011039
2015-06-21,243.94,,2.84,,,3.02,0.523274,0.010314
2015-06-22,246.99,,2.89,,,3.03,0.5405989999999999,0.010567
2015-06-23,244.3,,2.85,,,2.97,0.526921,0.010667
2015-06-24,240.51,,2.81,,,2.78,0.506506,0.010914
2015-06-25,242.8,,2.83,,,2.85,0.503678,0.011048
2015-06-26,243.59,,2.82,,,2.86,0.48424700000000004,0.011288
2015-06-27,250.99,,2.79,,,3.1,0.491951,0.011445
2015-06-28,249.01,,2.73,,,3.31,0.47063599999999994,0.011467
2015-06-29,257.06,,2.79,,,3.74,0.493447,0.011977
2015-06-30,263.07,,2.86,,,4.09,0.500266,0.011319
2015-07-01,258.62,,2.82,,,3.92,0.49884799999999996,0.011198
2015-07-02,255.41,,2.91,,,4.07,0.492605,0.011037
2015-07-03,256.34,,2.96,,,4.12,0.491196,0.011099
2015-07-04,260.89,,3.09,,,4.11,0.507361,0.010782
2015-07-05,271.91,,3.09,,,4.95,0.5219689999999999,0.010020999999999999
2015-07-06,269.03,,3.09,,,5.42,0.5055069999999999,0.009873
2015-07-07,266.21,,2.97,,,5.23,0.512376,0.00958
2015-07-08,270.79,,2.98,,,6.36,0.51399,0.009448999999999999
2015-07-09,269.23,,3.11,,,7.54,0.497226,0.008987
2015-07-10,284.89,,4.05,,,4.51,0.520876,0.008847
2015-07-11,293.12,,3.84,,,4.37,0.539175,0.008615000000000001
2015-07-12,310.87,,4.1,,,5.29,0.6280939999999999,0.008614
2015-07-13,292.05,,3.74,,,4.68,0.572132,0.008569
2015-07-14,287.46,,3.72,,,4.65,0.570033,0.008631
2015-07-15,285.83,,3.66,,,4.21,0.541855,0.008516
2015-07-16,278.09,,3.53,,,3.69,0.536325,0.008062
2015-07-17,279.47,,3.76,,,3.79,0.5351819999999999,0.008026
2015-07-18,274.9,,3.71,,,4.0,0.523595,0.00806
2015-07-19,273.61,,3.62,,,3.77,0.537989,0.008091
2015-07-20,278.98,,3.69,,,3.94,0.547709,0.007948
2015-07-21,275.83,,3.6,,,3.77,0.5875779999999999,0.007711
2015-07-22,277.22,,3.63,,,3.82,0.5734199999999999,0.007579000000000001
2015-07-23,276.05,,3.58,,,3.78,0.570335,0.007487000000000001
2015-07-24,288.28,,3.69,,,4.6,0.576016,0.0076560000000000005
2015-07-25,288.7,,3.75,,,4.63,0.5660029999999999,0.007888
2015-07-26,292.69,,3.78,,,4.66,0.584723,0.008115
2015-07-27,293.62,,3.76,,,4.67,0.59605,0.008562
2015-07-28,294.43,,3.69,,,5.06,0.615015,0.008449
2015-07-29,289.59,,3.64,,,4.8,0.589967,0.008519
2015-07-30,287.72,,3.64,,,4.58,0.583228,0.008491
2015-07-31,284.65,,3.68,,,4.64,0.574956,0.008437
2015-08-01,281.6,,3.61,,,4.15,0.588741,0.008222
2015-08-02,282.61,,3.62,,,4.17,0.624904,0.00823
2015-08-03,281.23,,3.61,,,4.16,0.5958180000000001,0.008281
2015-08-04,285.22,,3.64,,,4.38,0.618406,0.008270999999999999
2015-08-05,281.88,,3.58,,,4.35,0.6186159999999999,0.008223999999999999
2015-08-06,278.58,,3.52,,,4.06,0.729102,0.008024
2015-08-07,279.58,,3.26,2.77,,4.21,0.742292,0.008152
2015-08-08,261.0,,3.08,0.753325,,3.85,0.676046,0.008476000000000001
2015-08-09,265.08,,3.11,0.701897,,3.9,0.674739,0.008808
2015-08-10,264.47,,3.08,0.708448,,3.95,0.656576,0.00875
2015-08-11,270.39,,3.16,1.07,,4.16,0.603582,0.008591
2015-08-12,266.38,,3.06,1.22,,3.99,0.622923,0.008270999999999999
2015-08-13,264.08,,3.06,1.83,,3.88,0.575855,0.008147
2015-08-14,265.68,,3.03,1.83,,4.03,0.6099060000000001,0.008337
2015-08-15,261.55,,2.98,1.69,,3.93,0.613236,0.00842
2015-08-16,258.51,,2.94,1.57,,3.95,0.620167,0.008315000000000001
2015-08-17,257.98,,2.91,1.2,,3.98,0.610122,0.008301000000000001
2015-08-18,211.08,,2.67,1.09,,3.47,0.493284,0.007552
2015-08-19,226.68,,2.64,1.26,,3.48,0.534101,0.007758
2015-08-20,235.35,,2.78,1.46,,3.61,0.597797,0.007872
2015-08-21,232.57,,2.76,1.4,,3.57,0.568307,0.007881
2015-08-22,230.39,,2.68,1.38,,3.51,0.553084,0.007722
2015-08-23,228.17,,2.64,1.35,,3.39,0.544585,0.007552
2015-08-24,210.5,,2.38,1.23,,2.99,0.434871,0.007397
2015-08-25,221.61,,2.53,1.14,,2.94,0.49028599999999994,0.007126
2015-08-26,225.83,,2.61,1.16,,2.95,0.496679,0.007492
2015-08-27,224.77,,2.56,1.15,,2.87,0.465475,0.007551
2015-08-28,231.4,,2.6,1.19,,2.91,0.481627,0.0074329999999999995
2015-08-29,229.78,,2.6,1.18,,2.88,0.47655,0.007751000000000001
2015-08-30,228.76,,2.56,1.32,,2.85,0.459009,0.00805
2015-08-31,230.06,,2.58,1.36,,2.84,0.467238,0.007884
2015-09-01,228.12,,2.54,1.35,,2.82,0.458517,0.007815
2015-09-02,229.28,,2.51,1.29,,2.8,0.46808299999999997,0.0077
2015-09-03,227.18,,2.47,1.26,,2.63,0.45929,0.007431
2015-09-04,230.3,,2.45,1.27,,2.7,0.46787399999999996,0.0073549999999999996
2015-09-05,235.02,,2.51,1.34,,2.92,0.48159399999999997,0.007859999999999999
2015-09-06,239.84,,2.49,1.3,,3.05,0.505111,0.007891
2015-09-07,239.85,,2.38,1.25,,3.05,0.49945200000000006,0.007918000000000001
2015-09-08,243.61,,2.33,1.24,,3.05,0.517402,0.007831
2015-09-09,238.17,,2.44,1.21,,2.92,0.506011,0.007678
2015-09-10,238.48,,2.38,1.17,,2.95,0.49724700000000005,0.007663
2015-09-11,240.11,,2.38,0.982978,,2.96,0.495325,0.008444
2015-09-12,235.23,,2.43,1.04,,2.83,0.46547299999999997,0.008197
2015-09-13,230.51,,2.34,0.936003,,2.82,0.46286499999999997,0.008532
2015-09-14,230.64,,2.31,0.8756219999999999,,2.84,0.482289,0.007404000000000001
2015-09-15,230.3,,2.32,0.9444100000000001,,2.82,0.502379,0.00772
2015-09-16,229.09,,2.37,0.907175,,2.8,0.5099739999999999,0.007426
2015-09-17,229.81,,2.37,0.874231,,2.91,0.49478199999999994,0.007372
2015-09-18,232.97,,2.46,0.853685,,2.96,0.50044,0.007529000000000001
2015-09-19,231.49,,2.36,0.882391,,2.87,0.496418,0.007481999999999999
2015-09-20,231.21,,2.39,0.9384450000000001,,2.85,0.485971,0.0076370000000000006
2015-09-21,227.09,,2.35,0.919047,,2.8,0.48045200000000005,0.007247
2015-09-22,230.62,,2.46,0.9017959999999999,,2.84,0.471829,0.007168000000000001
2015-09-23,230.28,,2.43,0.8934059999999999,,2.87,0.464606,0.006668
2015-09-24,234.53,,2.44,0.81361,,2.93,0.468678,0.00671
2015-09-25,235.14,,2.45,0.736223,,2.89,0.45151499999999994,0.00665
2015-09-26,234.34,,2.33,0.785964,,2.89,0.44510500000000003,0.006501000000000001
2015-09-27,232.76,,2.36,0.720839,,2.87,0.43771000000000004,0.006536
2015-09-28,239.14,,2.38,0.582886,,3.07,0.44899799999999995,0.006293
2015-09-29,236.69,,2.34,0.661146,,2.97,0.435817,0.005579
2015-09-30,236.06,,2.34,0.738644,,3.01,0.399882,0.005520000000000001
2015-10-01,237.55,,2.29,0.6902149999999999,,3.0,0.404696,0.005448
2015-10-02,237.29,,2.22,0.678574,,2.99,0.409897,0.005868
2015-10-03,238.73,,2.17,0.687171,,3.03,0.40992799999999996,0.005517
2015-10-04,238.26,,2.17,0.668379,,3.01,0.400312,0.005236
2015-10-05,240.38,,2.34,0.6286430000000001,,3.02,0.41615100000000005,0.005007999999999999
2015-10-06,246.06,,2.39,0.650645,,3.15,0.41137799999999997,0.005328
2015-10-07,242.97,,2.4,0.609388,,3.06,0.39318600000000004,0.005375
2015-10-08,242.3,,2.38,0.6217159999999999,,3.06,0.387872,0.005031
2015-10-09,243.93,,2.36,0.650628,,3.11,0.397329,0.004983
2015-10-10,244.94,,2.43,0.627857,,3.11,0.387789,0.005037
2015-10-11,247.05,,2.39,0.634963,,3.15,0.38072399999999995,0.005182
2015-10-12,245.31,,2.34,0.62603,,3.14,0.39531700000000003,0.00526
2015-10-13,249.51,,2.35,0.6076550000000001,,3.18,0.388015,0.005377000000000001
2015-10-14,251.99,,2.32,0.522968,,3.14,0.384266,0.005418
2015-10-15,254.32,,2.25,0.561878,,3.1,0.390841,0.005399
2015-10-16,262.87,,2.34,0.5364949999999999,,3.11,0.41151099999999996,0.005398
2015-10-17,270.64,,2.43,0.5471779999999999,,3.07,0.426942,0.005203
2015-10-18,261.64,,2.37,0.517734,,3.02,0.409797,0.004979
2015-10-19,263.44,,2.34,0.48901400000000006,,3.05,0.403212,0.005043
2015-10-20,269.46,,2.41,0.434829,,3.09,0.399646,0.004731
2015-10-21,266.27,,2.28,0.447329,,3.08,0.394597,0.004697
2015-10-22,274.02,,2.41,0.567702,,3.11,0.40323600000000004,0.004723
2015-10-23,276.5,,2.33,0.5396569999999999,,3.11,0.393922,0.004677000000000001
2015-10-24,281.65,,2.24,0.5635899999999999,,3.1,0.395808,0.0046619999999999995
2015-10-25,283.68,,2.17,0.616039,,3.07,0.407067,0.004556
2015-10-26,285.3,,2.24,0.731317,,3.1,0.38795999999999997,0.004675
2015-10-27,293.79,,2.1,0.869641,,3.09,0.409574,0.004649
2015-10-28,304.62,,2.14,1.0,,3.1,0.448829,0.004675
2015-10-29,313.86,,2.39,1.21,,3.78,0.447103,0.004634
2015-10-30,328.01,,2.54,1.04,,4.06,0.456442,0.004839
2015-10-31,314.17,,2.31,0.9166270000000001,,3.8,0.404538,0.004686999999999999
2015-11-01,325.43,,2.66,1.06,,3.96,0.423505,0.004901
2015-11-02,361.19,,2.61,0.9897889999999999,,4.16,0.44288599999999995,0.005156
2015-11-03,403.42,,2.69,1.01,,4.59,0.44270699999999996,0.005383
2015-11-04,411.56,,2.61,0.89905,,4.23,0.505869,0.004947
2015-11-05,386.35,,2.53,0.8956370000000001,,3.96,0.43253,0.0045060000000000005
2015-11-06,374.47,,2.7,0.926032,,3.55,0.439195,0.004562
2015-11-07,386.48,,2.71,0.927974,,3.6,0.452638,0.004693999999999999
2015-11-08,373.37,,2.53,1.03,,3.42,0.497654,0.004647
2015-11-09,380.26,,2.53,0.9992780000000001,,3.4,0.47277600000000003,0.004609
2015-11-10,336.82,,2.42,0.934348,,3.12,0.460954,0.004406
2015-11-11,311.08,,2.29,0.791829,,2.97,0.450299,0.004264
2015-11-12,338.15,,2.54,0.895711,,3.28,0.443275,0.004541
2015-11-13,336.75,,2.53,0.9040959999999999,,3.23,0.45261899999999994,0.004477
2015-11-14,332.91,,2.36,0.888812,,3.19,0.424853,0.004328
2015-11-15,320.17,,2.31,0.9063680000000001,,3.07,0.43081,0.004164999999999999
2015-11-16,330.75,,2.31,0.9289620000000001,,3.19,0.435954,0.004234
2015-11-17,335.09,,2.26,1.01,,3.2,0.42899899999999996,0.00425
2015-11-18,334.59,,2.36,0.9933190000000001,,3.19,0.415567,0.004258
2015-11-19,326.15,,2.21,0.9555319999999999,,3.13,0.407052,0.004222
2015-11-20,322.02,,2.23,0.9249200000000001,,3.12,0.389316,0.004227000000000001
2015-11-21,326.93,,2.2,0.97614,,3.15,0.391906,0.0042450000000000005
2015-11-22,324.54,,2.06,0.968018,,3.14,0.39582399999999995,0.004267
2015-11-23,323.05,,2.14,0.9469690000000001,,3.12,0.391113,0.004288
2015-11-24,320.05,,2.08,0.900191,,3.11,0.390148,0.004242
2015-11-25,328.21,,2.15,0.8635370000000001,,3.34,0.38768400000000003,0.004318
2015-11-26,352.68,,2.19,0.8841829999999999,,3.61,0.404663,0.004291
2015-11-27,358.04,,2.16,0.867951,,3.58,0.386268,0.004275999999999999
2015-11-28,357.38,,2.08,0.915703,,3.52,0.39204,0.0042380000000000004
2015-11-29,371.29,,2.15,0.8786139999999999,,3.67,0.401147,0.004299
2015-11-30,377.32,,2.17,0.8731190000000001,,3.62,0.395225,0.004201
2015-12-01,362.49,,2.08,0.8748,,3.43,0.37602800000000003,0.00409
2015-12-02,359.19,,2.18,0.82121,,3.34,0.368688,0.004173
2015-12-03,361.05,,2.34,0.8121430000000001,,3.38,0.36689099999999997,0.004262
2015-12-04,363.18,,2.34,0.840041,,3.36,0.370805,0.0047539999999999995
2015-12-05,388.95,,2.32,0.8624379999999999,,3.52,0.451304,0.005301
2015-12-06,388.78,,2.34,0.8355,,3.47,0.43994700000000003,0.005344
2015-12-07,395.54,,2.33,0.811264,,3.65,0.421295,0.00556
2015-12-08,415.56,,2.4,0.822118,,3.69,0.42936,0.006775
2015-12-09,417.56,,2.51,0.792167,,3.67,0.45207299999999995,0.008523000000000001
2015-12-10,415.48,,2.44,0.8403959999999999,,3.66,0.43143400000000004,0.008444
2015-12-11,451.94,,2.69,0.9297620000000001,,3.84,0.458294,0.008440999999999999
2015-12-12,435.0,,2.58,0.976973,,3.61,0.455326,0.008536
2015-12-13,433.75,,2.73,0.9528840000000001,,3.63,0.465171,0.008779
2015-12-14,444.18,,2.69,0.993022,,3.61,0.5347609999999999,0.007614
2015-12-15,465.32,,2.68,1.01,,3.83,0.556358,0.006684000000000001
2015-12-16,454.93,,2.69,0.991182,,3.7,0.518993,0.006755
2015-12-17,456.08,,2.61,0.940701,,3.74,0.5012310000000001,0.006693999999999999
2015-12-18,463.62,,2.65,0.920127,,3.76,0.499438,0.0063869999999999994
2015-12-19,462.32,,2.61,0.9080719999999999,,3.72,0.471013,0.006291
2015-12-20,442.69,,2.49,0.903885,,3.54,0.507456,0.006235
2015-12-21,438.64,,2.47,0.9007709999999999,,3.46,0.488745,0.006268999999999999
2015-12-22,436.57,,2.55,0.864202,,3.42,0.480099,0.006193
2015-12-23,442.4,,2.53,0.8580770000000001,,3.58,0.48224399999999995,0.006021
2015-12-24,454.99,,2.77,0.8632620000000001,,3.64,0.490058,0.005971
2015-12-25,455.65,,2.83,0.8703629999999999,,3.62,0.484163,0.006487000000000001
2015-12-26,417.27,,2.77,0.8546030000000001,,3.42,0.446716,0.006174
2015-12-27,422.82,,2.65,0.8563649999999999,,3.48,0.451554,0.006343
2015-12-28,422.28,,2.98,0.8450049999999999,,3.47,0.446928,0.00634
2015-12-29,432.98,,3.09,0.8730540000000001,,3.5,0.45616,0.0062640000000000005
2015-12-30,426.62,,3.52,0.911958,,3.46,0.441028,0.006182
2015-12-31,430.57,,3.27,0.933542,,3.48,0.47040200000000004,0.00604
2016-01-01,434.33,,3.38,0.948024,,3.51,0.497867,0.005954999999999999
2016-01-02,433.44,,3.28,0.937124,,3.5,0.532668,0.006065
2016-01-03,430.01,,3.24,0.9719049999999999,,3.48,0.500312,0.006017
2016-01-04,433.09,,3.32,0.9544799999999999,,3.5,0.517388,0.005958
2016-01-05,431.96,,3.33,0.950176,,3.47,0.49927200000000005,0.006044
2016-01-06,429.11,,3.38,0.95086,,3.45,0.505053,0.0060030000000000005
2016-01-07,458.05,,3.38,0.942005,,3.6,0.492529,0.006039
2016-01-08,453.23,,3.31,0.9867889999999999,,3.57,0.488417,0.005933
2016-01-09,447.61,,3.18,0.986833,,3.56,0.49013500000000004,0.005982
2016-01-10,447.99,,3.29,0.999231,,3.54,0.48857799999999996,0.005956
2016-01-11,448.43,,3.15,1.06,,3.56,0.482049,0.005895
2016-01-12,435.69,,3.03,1.14,,3.49,0.490113,0.005854
2016-01-13,432.37,,3.1,1.13,,3.48,0.48430200000000007,0.005794
2016-01-14,430.31,,3.4,1.19,,3.47,0.486483,0.005529
2016-01-15,364.33,,3.36,1.21,,3.0,0.42845600000000006,0.005229
2016-01-16,387.54,,3.89,1.22,,3.09,0.49666800000000005,0.005111999999999999
2016-01-17,382.3,,4.95,1.33,,3.03,0.45077399999999995,0.005266
2016-01-18,387.17,,4.37,1.43,,3.05,0.502346,0.005326
2016-01-19,380.15,,3.87,1.37,,3.02,0.545904,0.0052710000000000005
2016-01-20,420.23,,4.77,1.53,,3.39,0.535095,0.005381
2016-01-21,410.26,,5.15,1.55,,3.22,0.549362,0.005313
2016-01-22,382.49,,5.13,1.5,,3.08,0.536995,0.0051140000000000005
2016-01-23,387.49,,4.49,1.97,,3.1,0.61602,0.00512
2016-01-24,402.97,,4.4,2.14,,3.18,0.62205,0.005219
2016-01-25,391.73,,4.02,2.5,,3.13,0.581354,0.005135
2016-01-26,392.15,,4.52,2.28,,3.15,0.584982,0.005419
2016-01-27,394.97,,4.2,2.39,,3.29,0.61087,0.0065060000000000005
2016-01-28,380.29,,4.22,2.53,,3.12,0.563129,0.006226
2016-01-29,379.47,,4.39,2.49,,3.11,0.51825,0.006840000000000001
2016-01-30,378.25,,4.29,2.45,,3.08,0.511528,0.006634
2016-01-31,368.77,,4.11,2.31,,3.05,0.483429,0.006399
2016-02-01,373.06,,4.12,2.21,,3.08,0.497962,0.006542
2016-02-02,374.45,,4.11,2.44,,3.08,0.501037,0.006768000000000001
2016-02-03,369.95,,4.18,2.53,,3.05,0.49197399999999997,0.006883
2016-02-04,389.59,,4.29,2.58,,3.16,0.5071640000000001,0.0069700000000000005
2016-02-05,386.55,,4.28,2.54,,3.14,0.49635200000000007,0.007262
2016-02-06,376.52,,4.19,2.53,,3.1,0.480421,0.007922
2016-02-07,376.62,,4.21,2.96,,3.09,0.47940699999999997,0.008338
2016-02-08,373.45,,4.16,3.18,,3.06,0.48163599999999995,0.007991
2016-02-09,376.03,,3.97,4.04,,3.08,0.46485,0.007815
2016-02-10,381.65,,3.84,4.44,,3.1,0.48042399999999996,0.007853
2016-02-11,379.65,,3.26,6.01,,3.08,0.5163810000000001,0.007815
2016-02-12,384.26,,3.79,5.55,,3.11,0.612499,0.007979
2016-02-13,391.86,,3.77,5.39,,3.13,0.804311,0.008256999999999999
2016-02-14,407.23,,3.8,5.24,,3.21,0.846403,0.00859
2016-02-15,400.19,,3.78,5.29,,3.18,0.791647,0.008631
2016-02-16,407.49,,3.48,4.32,,3.21,0.935744,0.008451
2016-02-17,416.32,,3.68,3.76,,3.24,0.733156,0.008138
2016-02-18,422.37,,3.53,4.4,,3.25,0.774533,0.007995
2016-02-19,420.79,,3.51,4.74,,3.25,0.819088,0.008245
2016-02-20,437.16,,3.64,4.34,,3.46,0.824465,0.008253
2016-02-21,438.8,,4.0,4.65,,3.46,0.782148,0.0081
2016-02-22,437.75,,4.2,5.62,,3.48,0.77803,0.00805
2016-02-23,420.74,,3.8,5.59,,3.4,0.756528,0.00797
2016-02-24,424.95,,4.02,6.24,,3.37,0.801251,0.008076
2016-02-25,424.54,,3.91,6.1,,3.37,0.806427,0.008027
2016-02-26,432.15,,3.97,5.92,,3.42,0.813595,0.008058
2016-02-27,432.52,,4.08,6.43,,3.41,0.8297,0.007972
2016-02-28,433.5,,4.0,6.47,,3.44,0.8704850000000001,0.007889
2016-02-29,437.7,,3.92,6.34,,3.45,0.870503,0.007923000000000001
2016-03-01,435.12,,3.9,7.65,,3.43,0.8479959999999999,0.008006000000000001
2016-03-02,423.99,,3.88,8.47,,3.37,0.827633,0.008029999999999999
2016-03-03,421.65,,4.71,9.29,,3.32,1.09,0.008162
2016-03-04,410.94,,4.63,10.41,,3.25,1.1,0.008095999999999999
2016-03-05,400.57,,4.87,11.0,,3.19,1.2,0.007878
2016-03-06,407.71,,4.58,11.38,,3.22,1.2,0.007859999999999999
2016-03-07,414.32,,4.3,9.55,,3.27,1.07,0.007918000000000001
2016-03-08,413.97,,4.6,9.85,,3.25,1.19,0.007949
2016-03-09,414.86,,4.57,11.9,,3.28,1.24,0.008056
2016-03-10,417.13,,4.92,11.3,,3.29,1.09,0.008190000000000001
2016-03-11,421.69,,5.15,11.08,,3.38,1.1,0.008803
2016-03-12,411.62,,5.31,13.53,,3.29,1.15,0.0087
2016-03-13,414.06,,5.68,14.47,,3.31,1.24,0.008634999999999999
2016-03-14,416.44,,5.54,12.45,,3.3,1.12,0.008479
2016-03-15,416.83,,5.84,13.01,,3.31,1.14,0.008186
2016-03-16,417.01,,6.33,12.52,,3.31,1.15,0.008178
2016-03-17,420.62,,5.98,11.08,,3.31,1.3,0.008287000000000001
2016-03-18,409.55,,5.95,11.0,,3.17,1.15,0.008119
2016-03-19,410.44,,5.99,10.53,,3.18,1.21,0.008015999999999999
2016-03-20,413.75,,6.12,10.32,,3.21,1.52,0.00796
2016-03-21,413.31,,6.01,11.86,,3.2,1.49,0.008047
2016-03-22,418.09,,6.09,11.27,,3.23,1.39,0.00811
2016-03-23,418.04,,6.59,12.42,,3.24,1.45,0.008331999999999999
2016-03-24,416.39,,6.66,11.23,,3.22,1.7,0.00823
2016-03-25,417.18,,7.44,10.74,,3.23,1.6,0.008191
2016-03-26,417.94,,7.21,10.97,,3.23,1.7,0.008066
2016-03-27,426.76,,7.05,10.42,,3.3,1.53,0.008029000000000001
2016-03-28,424.23,,7.06,11.67,,3.26,1.49,0.007564
2016-03-29,416.52,,7.08,11.66,,3.23,1.49,0.007566
2016-03-30,414.82,,6.78,11.95,,3.22,1.45,0.007331999999999999
2016-03-31,416.73,,6.88,11.4,,3.26,1.4,0.007391
2016-04-01,417.96,,7.07,11.66,,3.24,1.46,0.007418000000000001
2016-04-02,420.87,,7.05,11.6,,3.26,1.55,0.007501000000000001
2016-04-03,420.9,,7.0,11.62,,3.26,1.54,0.007503
2016-04-04,421.44,,6.96,11.16,,3.25,1.6,0.007490999999999999
2016-04-05,424.03,,7.07,10.44,,3.25,1.52,0.007474
2016-04-06,423.41,,7.02,10.69,,3.26,1.51,0.0072959999999999995
2016-04-07,422.75,,6.9,10.07,,3.25,1.5,0.006875
2016-04-08,420.35,,6.99,9.72,,3.22,1.24,0.006670999999999999
2016-04-09,419.41,,6.68,9.15,,3.22,1.13,0.006288
2016-04-10,421.56,,6.54,8.94,,3.23,1.1,0.005937
2016-04-11,422.48,,6.35,8.64,,3.24,1.02,0.0060479999999999996
2016-04-12,425.19,,6.5,7.44,,3.26,0.9559860000000001,0.0058850000000000005
2016-04-13,423.73,,6.51,8.04,,3.24,1.03,0.005695
2016-04-14,424.28,,6.41,8.39,,3.24,1.01,0.006289
2016-04-15,429.71,,6.03,8.24,,3.28,0.990145,0.006423999999999999
2016-04-16,430.57,,6.3,8.61,,3.27,0.977983,0.006509999999999999
2016-04-17,427.4,,6.4,9.31,,3.26,1.04,0.006499
2016-04-18,428.59,,6.23,9.04,,3.24,1.11,0.006987
2016-04-19,435.51,,6.39,8.71,,3.29,1.11,0.007118000000000001
2016-04-20,441.39,,6.35,8.47,,3.28,1.06,0.007244
2016-04-21,449.43,,6.19,8.1,,3.35,0.977233,0.0074329999999999995
2016-04-22,445.74,,6.28,7.82,,3.32,0.9804290000000001,0.0072840000000000005
2016-04-23,450.28,,6.51,8.29,,3.33,1.04,0.007345999999999999
2016-04-24,458.56,,6.44,8.0,,3.63,1.01,0.0072510000000000005
2016-04-25,461.43,,6.17,7.55,,3.81,0.953362,0.0072829999999999995
2016-04-26,466.09,,6.08,7.4,,4.05,0.884295,0.007095000000000001
2016-04-27,444.69,,6.28,7.76,,3.89,0.9415309999999999,0.006725
2016-04-28,449.01,,6.46,7.17,,3.79,0.9047940000000001,0.006686
2016-04-29,455.1,,6.6,7.46,,3.81,0.883684,0.006759
2016-04-30,448.32,,6.83,8.81,,3.66,0.916537,0.006812
2016-05-01,451.88,,6.79,8.85,,3.71,0.914293,0.006790999999999999
2016-05-02,444.67,,6.83,10.16,,3.68,0.9643950000000001,0.006714
2016-05-03,450.3,,6.8,9.31,,3.74,0.9082370000000001,0.00656
2016-05-04,446.72,,6.84,9.41,,3.75,0.9164549999999999,0.006323
2016-05-05,447.98,,6.82,9.83,,3.71,0.906841,0.006193
2016-05-06,459.6,,6.77,9.35,,3.82,0.877466,0.006399
2016-05-07,458.54,,6.58,9.37,,3.95,0.880058,0.006490000000000001
2016-05-08,458.55,,6.69,9.48,,3.94,0.8505860000000001,0.006404000000000001
2016-05-09,460.48,,6.59,9.3,,4.06,0.825393,0.006399
2016-05-10,450.89,,6.79,9.36,,3.82,0.829463,0.006272
2016-05-11,452.73,,6.76,10.0,,3.88,0.8597100000000001,0.006189
2016-05-12,454.77,,6.78,10.06,,3.86,0.875668,0.006167
2016-05-13,455.67,,6.97,10.51,,3.93,0.8477629999999999,0.006109000000000001
2016-05-14,455.67,,6.95,10.24,,4.01,0.8388950000000001,0.006072999999999999
2016-05-15,457.57,,7.0,9.96,,4.06,0.823823,0.0060609999999999995
2016-05-16,454.16,,7.27,11.17,,4.01,0.8183560000000001,0.006022
2016-05-17,453.78,,7.41,12.2,,3.98,0.813343,0.006023
2016-05-18,454.62,,7.39,13.56,,4.0,0.840542,0.006028
2016-05-19,438.71,,7.7,14.77,,3.83,0.8535950000000001,0.006032
2016-05-20,442.68,,7.95,13.64,,3.88,0.9422219999999999,0.006084
2016-05-21,443.19,,8.24,14.02,,3.95,0.975433,0.00599
2016-05-22,439.32,,8.1,14.29,,3.93,0.9387639999999999,0.005936
2016-05-23,444.15,,8.1,13.46,,3.97,0.9147299999999999,0.005909
2016-05-24,445.98,,7.76,12.73,,3.95,0.901127,0.005961999999999999
2016-05-25,449.6,,7.61,12.53,,4.05,0.8658870000000001,0.005756
2016-05-26,453.38,,7.39,12.43,,4.08,0.860175,0.0056689999999999996
2016-05-27,473.46,,7.5,11.3,,4.5,0.8590909999999999,0.005679
2016-05-28,530.04,,7.85,11.89,,4.7,0.919737,0.005682
2016-05-29,526.23,,8.19,12.35,,4.61,0.881719,0.0056619999999999995
2016-05-30,533.86,,8.2,12.73,,4.67,0.910537,0.005748
2016-05-31,531.39,,8.18,14.08,,4.65,0.928747,0.005706
2016-06-01,536.92,,8.26,14.0,,4.74,0.9148709999999999,0.005809
2016-06-02,537.97,,8.1,13.74,,4.72,0.92668,0.005765999999999999
2016-06-03,569.19,,8.06,13.85,,4.86,0.9452020000000001,0.005827000000000001
2016-06-04,572.73,,8.05,13.74,,4.81,0.974353,0.0057799999999999995
2016-06-05,574.98,,7.58,13.97,,4.81,1.0,0.005796
2016-06-06,585.54,,7.77,13.93,,4.96,1.01,0.005769
2016-06-07,576.6,,7.91,14.51,,4.77,1.01,0.0057799999999999995
2016-06-08,581.64,,7.88,14.42,,4.75,0.9999520000000001,0.00577
2016-06-09,574.63,,7.82,14.4,,4.69,1.11,0.005788000000000001
2016-06-10,577.47,,7.84,13.91,,4.84,1.15,0.005736
2016-06-11,606.73,,7.9,14.19,,5.01,1.14,0.005765999999999999
2016-06-12,672.78,,7.66,15.74,,5.33,1.25,0.005852
2016-06-13,704.38,,7.72,17.6,,5.29,1.28,0.005824
2016-06-14,685.56,,8.2,18.89,,5.2,1.39,0.007104999999999999
2016-06-15,694.47,,8.14,18.35,,5.24,1.46,0.006887000000000001
2016-06-16,766.31,,8.59,20.59,,5.66,1.58,0.0066760000000000005
2016-06-17,748.91,,8.36,15.38,,5.59,1.75,0.006693000000000001
2016-06-18,756.23,,8.16,11.33,,5.56,2.01,0.0066040000000000005
2016-06-19,763.78,,7.99,12.23,,5.59,1.87,0.006813
2016-06-20,737.23,,8.29,11.84,,5.29,1.83,0.006626000000000001
2016-06-21,666.65,,7.78,13.31,,4.82,1.61,0.0061719999999999995
2016-06-22,596.12,,7.34,13.1,,3.91,1.5,0.006495
2016-06-23,623.98,,7.24,13.68,,3.85,1.56,0.006381
2016-06-24,665.3,,7.13,14.33,,4.28,1.59,0.0064340000000000005
2016-06-25,665.12,,6.86,14.28,,4.23,1.55,0.006414
2016-06-26,629.37,,6.78,13.85,,4.07,1.48,0.0064
2016-06-27,655.27,,7.01,13.88,,4.12,1.48,0.006398
2016-06-28,647.0,,6.91,12.18,,4.1,1.49,0.006773
2016-06-29,639.89,,6.99,12.61,,4.06,1.55,0.006776999999999999
2016-06-30,673.34,,7.13,12.46,,4.19,1.61,0.006657
2016-07-01,676.3,,7.24,12.2,,4.26,1.66,0.0067870000000000005
2016-07-02,703.7,,7.18,12.13,,4.59,1.75,0.006698999999999999
2016-07-03,658.66,,7.01,11.72,,4.25,1.7,0.006606999999999999
2016-07-04,683.66,,7.08,11.47,,4.54,1.71,0.007028
2016-07-05,670.63,,6.99,10.61,,4.45,1.73,0.006698999999999999
2016-07-06,677.33,,6.98,10.53,,4.47,1.94,0.006691
2016-07-07,640.56,,7.03,10.11,,4.11,1.9,0.0065980000000000006
2016-07-08,666.52,,7.45,11.39,,4.22,1.98,0.0067150000000000005
2016-07-09,650.96,,7.36,10.97,,4.16,1.96,0.006679000000000001
2016-07-10,649.36,,7.42,10.95,,4.1,1.91,0.006673999999999999
2016-07-11,647.66,,7.96,10.46,,4.09,1.98,0.006534000000000001
2016-07-12,664.55,,7.84,10.52,,4.15,1.99,0.00635
2016-07-13,654.47,,7.84,10.5,,4.14,1.93,0.006411
2016-07-14,658.08,,7.75,11.51,,4.15,2.01,0.006385
2016-07-15,663.25,,8.09,11.95,,4.16,1.99,0.006442
2016-07-16,660.77,,8.26,11.65,,4.13,1.98,0.006572
2016-07-17,679.46,,8.12,11.16,,4.19,1.99,0.0065379999999999995
2016-07-18,673.11,,8.22,11.03,,4.15,1.95,0.006481999999999999
2016-07-19,672.86,,8.5,11.62,,4.15,1.9,0.006405
2016-07-20,665.68,,8.44,12.45,,4.13,1.76,0.0063950000000000005
2016-07-21,665.01,,8.96,12.65,,4.12,1.74,0.006416
2016-07-22,650.62,,9.25,14.66,,4.04,1.83,0.0063030000000000004
2016-07-23,655.56,,9.31,14.3,,4.06,1.89,0.0063170000000000006
2016-07-24,661.28,,9.21,12.75,,4.07,1.88,0.006286
2016-07-25,654.1,,9.13,13.84,,4.03,1.85,0.006246
2016-07-26,651.78,,8.86,11.99,,3.97,1.83,0.005998
2016-07-27,654.35,,9.15,12.97,,3.96,1.94,0.0059689999999999995
2016-07-28,655.03,,9.31,12.84,,3.97,1.85,0.005974
2016-07-29,656.99,,9.46,12.79,,4.08,1.89,0.006111
2016-07-30,655.05,,9.22,12.46,,4.06,1.91,0.006121
2016-07-31,624.68,,9.51,11.88,,4.01,1.82,0.005945000000000001
2016-08-01,606.27,,9.9,10.94,,3.86,1.7,0.005906000000000001
2016-08-02,547.47,,9.16,8.79,,3.64,1.49,0.00569
2016-08-03,566.36,,9.33,10.29,,3.72,1.57,0.005646
2016-08-04,578.29,,9.53,11.04,,3.75,1.85,0.005816
2016-08-05,575.04,,9.72,10.93,,3.73,1.79,0.006447
2016-08-06,587.78,,10.55,10.88,,3.76,1.88,0.006337
2016-08-07,592.69,,10.35,10.91,,3.78,1.9,0.006178
2016-08-08,591.05,,10.38,11.25,,3.79,1.9,0.006027
2016-08-09,587.8,,10.3,12.24,,3.76,2.05,0.006163
2016-08-10,592.1,,10.44,12.14,,3.72,2.01,0.006194
2016-08-11,589.12,,11.08,11.69,,3.74,1.98,0.006189
2016-08-12,587.56,,12.59,11.78,,3.71,1.95,0.006123
2016-08-13,585.59,,12.91,11.57,,3.71,1.98,0.006092
2016-08-14,570.47,,14.48,11.19,,3.65,2.01,0.005994
2016-08-15,567.24,,13.3,11.22,,3.58,2.18,0.006045
2016-08-16,577.44,,12.87,11.14,,3.64,2.2,0.00614
2016-08-17,573.22,,12.55,10.75,,3.6,2.24,0.006109000000000001
2016-08-18,574.32,,13.86,10.76,,3.61,2.19,0.006122
2016-08-19,575.63,,13.78,10.75,,3.6,2.3,0.0061189999999999994
2016-08-20,581.7,,13.1,11.25,,3.62,2.44,0.006114
2016-08-21,581.31,,13.41,11.18,,3.62,2.54,0.006052
2016-08-22,586.75,,14.21,11.12,,3.66,3.99,0.006
2016-08-23,583.41,,13.42,11.03,,3.93,4.72,0.006019
2016-08-24,580.18,,13.28,11.04,,3.86,4.42,0.006052
2016-08-25,577.76,,12.31,11.36,,3.8,4.15,0.006079
2016-08-26,579.65,,12.74,11.3,,3.83,4.18,0.00603
2016-08-27,569.95,,12.57,11.15,,3.74,5.3,0.005975
2016-08-28,573.91,,12.42,10.93,,3.74,9.51,0.005963
2016-08-29,574.11,,11.68,10.98,,3.76,8.5,0.006131
2016-08-30,577.5,,11.77,11.23,,3.8,8.49,0.006026
2016-08-31,575.47,,11.89,11.67,,3.8,8.58,0.006012
2016-09-01,572.3,,11.45,11.99,,3.83,8.0,0.005984000000000001
2016-09-02,575.54,,11.36,12.11,,3.82,10.21,0.0059700000000000005
2016-09-03,598.21,,11.45,11.76,,3.89,10.59,0.005964
2016-09-04,608.63,,11.39,11.68,,4.01,13.39,0.005954
2016-09-05,606.59,,11.27,11.72,,3.98,13.96,0.005932
2016-09-06,610.44,,10.92,11.69,,3.97,12.46,0.005912
2016-09-07,614.54,,11.28,11.55,,3.97,11.83,0.0058920000000000005
2016-09-08,626.32,,11.69,11.35,,3.99,12.74,0.005902
2016-09-09,622.86,,11.22,11.65,,3.97,12.43,0.005869
2016-09-10,623.51,,11.42,12.17,,3.97,12.23,0.00587
2016-09-11,606.72,,11.14,11.64,,3.86,10.69,0.005842
2016-09-12,608.24,,12.26,11.89,,3.82,10.03,0.0058969999999999995
2016-09-13,609.24,,13.0,11.92,,3.82,10.88,0.005886
2016-09-14,610.68,,12.71,11.92,,3.83,10.51,0.005961
2016-09-15,607.15,,12.21,11.94,,3.81,9.41,0.008303
2016-09-16,606.97,,11.72,12.56,,3.81,8.91,0.0074459999999999995
2016-09-17,605.98,,11.78,12.7,,3.81,9.68,0.007018000000000001
2016-09-18,609.87,,11.64,12.43,,4.04,9.45,0.006853
2016-09-19,609.23,,11.54,13.19,,3.83,10.56,0.0068579999999999995
2016-09-20,608.31,,11.41,14.43,,3.84,11.15,0.006784999999999999
2016-09-21,597.15,,11.53,13.77,,3.84,9.92,0.006829000000000001
2016-09-22,596.3,,11.54,13.25,,3.77,10.16,0.006843000000000001
2016-09-23,602.84,,11.54,13.33,,3.81,10.77,0.0072109999999999995
2016-09-24,602.63,,11.53,12.88,,3.81,10.63,0.0073620000000000005
2016-09-25,600.83,,11.55,13.1,,3.81,10.24,0.007855
2016-09-26,608.04,,11.41,12.82,,3.86,9.4,0.007963
2016-09-27,606.17,,11.64,13.1,,3.85,9.31,0.008229
2016-09-28,604.73,,11.59,13.27,,3.84,9.4,0.009048
2016-09-29,605.69,,12.01,13.07,,3.85,8.71,0.008914
2016-09-30,609.74,,12.1,13.22,,3.84,8.41,0.00883
2016-10-01,613.98,,11.71,13.17,,3.85,7.36,0.008205
2016-10-02,610.89,,11.78,13.2,,3.84,8.3,0.008165
2016-10-03,612.13,,11.89,13.45,,3.84,7.95,0.008089
2016-10-04,610.2,,12.06,13.28,,3.82,7.65,0.007853
2016-10-05,612.51,,12.03,13.04,,3.84,6.76,0.007435
2016-10-06,613.02,,12.06,12.85,,3.85,7.18,0.007382
2016-10-07,617.12,,11.87,12.67,,3.86,6.89,0.007377
2016-10-08,619.11,,11.72,12.22,,3.84,6.88,0.00731
2016-10-09,616.75,,11.59,12.05,,3.82,7.48,0.007543000000000001
2016-10-10,618.99,,11.69,11.76,,3.8,6.94,0.007978
2016-10-11,641.07,,11.73,11.79,,3.82,7.28,0.008234
2016-10-12,636.19,,11.43,11.93,,3.76,7.31,0.007949
2016-10-13,636.79,,11.44,11.96,,3.91,6.91,0.007982
2016-10-14,640.38,,11.53,11.94,,3.9,6.92,0.008767
2016-10-15,638.65,,11.1,11.98,,3.87,6.56,0.008145999999999999
2016-10-16,641.63,,10.85,11.95,,3.89,6.38,0.008078
2016-10-17,639.19,,10.62,12.01,,3.91,6.28,0.008029999999999999
2016-10-18,637.96,,10.21,12.59,,3.84,6.57,0.00835
2016-10-19,630.52,,10.29,12.02,,3.8,6.62,0.008627
2016-10-20,630.86,,10.5,12.1,,3.78,6.56,0.009092
2016-10-21,632.83,,10.77,12.18,,3.81,6.78,0.009029
2016-10-22,657.29,,10.36,12.07,,3.89,6.52,0.008971999999999999
2016-10-23,657.07,,9.96,12.04,,3.92,6.51,0.009454
2016-10-24,653.76,,9.85,11.97,,3.87,6.42,0.009065
2016-10-25,657.59,,9.41,11.41,,3.9,6.09,0.008891
2016-10-26,678.3,,9.34,11.53,,3.96,6.17,0.008834999999999999
2016-10-27,688.31,,9.71,11.5,,4.02,6.21,0.008481
2016-10-28,689.65,,9.07,11.09,,3.97,5.73,0.008143000000000001
2016-10-29,714.48,,8.61,10.44,,4.09,5.14,0.007731999999999999
2016-10-30,701.86,,9.67,11.18,,4.03,5.57,0.008014
2016-10-31,700.97,,9.2,11.0,,3.99,5.12,0.008196
2016-11-01,729.79,,9.04,10.77,,4.09,4.71,0.008102
2016-11-02,740.83,,8.94,10.75,,4.1,4.51,0.008222
2016-11-03,688.7,,9.12,10.8,,3.86,4.89,0.008020999999999999
2016-11-04,703.24,,9.13,11.09,,3.88,4.85,0.008157
2016-11-05,703.42,,9.21,11.0,,3.87,5.02,0.00823
2016-11-06,711.52,,9.4,10.87,,3.89,4.97,0.008193
2016-11-07,703.13,,9.92,10.81,,3.84,5.74,0.008108
2016-11-08,709.85,,9.76,10.83,,3.84,6.32,0.008206
2016-11-09,723.27,,9.7,10.66,,3.86,6.19,0.008079000000000001
2016-11-10,715.53,,9.67,10.52,,3.82,6.1,0.008136
2016-11-11,716.41,,9.67,10.29,,3.82,6.78,0.008065000000000001
2016-11-12,705.05,,9.64,9.88,,3.76,7.44,0.008043999999999999
2016-11-13,702.03,,9.49,10.1,,3.88,7.1,0.008256999999999999
2016-11-14,705.02,,9.68,9.97,,3.88,7.71,0.008098000000000001
2016-11-15,711.62,,9.64,10.22,,3.89,7.3,0.007881
2016-11-16,744.2,,9.45,10.06,,4.02,6.58,0.007842
2016-11-17,740.98,,9.02,9.99,,3.94,6.79,0.0077269999999999995
2016-11-18,751.59,,8.95,9.48,,3.96,6.72,0.007778
2016-11-19,751.62,,8.48,9.66,,3.95,6.55,0.0077989999999999995
2016-11-20,731.03,,8.51,9.58,,3.92,6.58,0.007651000000000001
2016-11-21,739.25,,8.58,9.62,,3.94,6.8,0.007566
2016-11-22,751.35,,8.63,9.91,,3.95,7.69,0.0074340000000000005
2016-11-23,744.59,,8.51,9.84,,3.93,7.91,0.007061
2016-11-24,740.29,,9.13,9.23,,3.91,7.81,0.00695
2016-11-25,741.65,,9.1,9.4,,3.92,7.54,0.006901999999999999
2016-11-26,735.38,,8.9,9.33,,3.89,7.62,0.007390000000000001
2016-11-27,732.03,,9.09,9.0,,3.88,7.93,0.0070739999999999996
2016-11-28,735.81,,8.96,8.72,,3.88,7.89,0.0070079999999999995
2016-11-29,735.6,,8.82,8.17,,3.87,7.6,0.00678
2016-11-30,745.69,,8.91,8.59,,3.89,8.95,0.006723000000000001
2016-12-01,756.77,,8.74,8.45,,3.91,8.58,0.006702
2016-12-02,777.94,,8.66,7.76,,3.95,8.23,0.006659999999999999
2016-12-03,771.15,,8.88,7.92,,3.92,8.27,0.006587999999999999
2016-12-04,773.87,,8.82,7.44,,3.9,7.8,0.006527
2016-12-05,758.7,,8.56,6.82,,3.53,7.91,0.0064340000000000005
2016-12-06,764.22,,8.8,7.87,,3.54,7.54,0.0066549999999999995
2016-12-07,768.13,,8.68,8.38,,3.62,7.89,0.006851
2016-12-08,770.81,,8.75,8.23,,3.69,7.79,0.007097
2016-12-09,772.79,,8.83,8.45,,3.69,7.95,0.007135
2016-12-10,774.65,,8.88,8.13,,3.68,7.78,0.006816
2016-12-11,769.73,,9.54,8.19,,3.64,7.91,0.006744
2016-12-12,780.09,,9.1,8.52,,3.66,8.05,0.006778
2016-12-13,780.56,,9.39,8.42,,3.65,8.11,0.0067079999999999996
2016-12-14,781.48,,9.16,8.27,,3.62,8.41,0.006705
2016-12-15,778.09,,9.3,7.83,,3.62,8.42,0.006662
2016-12-16,784.91,,9.89,7.86,,3.63,8.51,0.00671
2016-12-17,790.83,,9.74,7.88,,3.7,8.32,0.006541
2016-12-18,790.53,,9.89,7.87,,3.68,8.61,0.006573999999999999
2016-12-19,792.71,,10.32,7.64,,3.66,8.63,0.0065450000000000005
2016-12-20,800.88,,10.22,7.66,,3.66,8.43,0.0065
2016-12-21,834.28,,9.81,7.91,,3.65,8.28,0.006445
2016-12-22,864.54,,9.79,7.58,,3.71,8.9,0.006363000000000001
2016-12-23,921.98,,9.56,7.17,,4.66,9.55,0.006286
2016-12-24,898.82,,9.83,7.27,,4.55,9.65,0.0063490000000000005
2016-12-25,896.18,,10.01,7.18,,4.35,9.73,0.006444
2016-12-26,907.61,,9.7,7.27,,4.36,10.27,0.006326
2016-12-27,933.2,,9.74,7.17,,4.47,12.69,0.0061990000000000005
2016-12-28,975.92,,10.07,7.52,,4.57,14.09,0.006173
2016-12-29,973.5,,10.85,8.28,,4.56,13.13,0.006340999999999999
2016-12-30,961.24,,11.11,8.16,,4.39,12.97,0.006426
2016-12-31,963.74,,11.21,7.97,,4.33,13.78,0.006449
2017-01-01,998.33,,11.23,8.17,,4.51,13.97,0.006368
2017-01-02,1021.75,,11.81,8.38,,4.65,16.05,0.006311
2017-01-03,1043.84,,12.78,9.73,,4.63,16.09,0.006386
2017-01-04,1154.73,,16.52,11.25,,4.84,18.53,0.00657
2017-01-05,1013.38,,14.38,10.25,,4.29,16.19,0.006201
2017-01-06,902.2,,12.03,10.25,,3.86,14.03,0.006314999999999999
2017-01-07,908.59,,12.44,9.87,,3.96,13.06,0.006365999999999999
2017-01-08,911.2,,12.54,10.29,,3.99,13.47,0.006233
2017-01-09,902.83,,12.09,10.33,,4.3,13.74,0.006167
2017-01-10,907.68,,12.49,10.55,,4.59,13.39,0.006698000000000001
2017-01-11,777.76,,11.3,9.72,,3.85,11.64,0.006411
2017-01-12,804.83,,12.22,9.86,,3.96,11.85,0.006423000000000001
2017-01-13,823.98,,12.59,9.77,,3.89,11.27,0.006595999999999999
2017-01-14,818.41,,12.08,9.65,,3.9,11.09,0.006862999999999999
2017-01-15,821.8,,12.39,9.9,,3.93,10.76,0.006726
2017-01-16,831.53,,12.94,9.64,,3.9,10.64,0.006788
2017-01-17,907.94,,14.25,10.3,,3.94,12.39,0.0068
2017-01-18,886.62,,14.06,10.23,,3.84,12.05,0.0067090000000000006
2017-01-19,899.07,,15.18,10.4,,3.86,12.15,0.007034
2017-01-20,895.03,,15.16,10.6,,3.89,11.91,0.006675
2017-01-21,921.79,,14.97,10.91,,3.9,12.03,0.006706
2017-01-22,924.67,,15.11,10.7,,3.84,12.18,0.006712999999999999
2017-01-23,921.01,,15.19,10.82,,3.84,12.25,0.006697
2017-01-24,892.69,,14.09,10.63,,3.79,11.81,0.006540000000000001
2017-01-25,901.54,,14.51,10.57,,3.71,11.83,0.006513
2017-01-26,917.59,,15.04,10.59,,3.83,11.98,0.006690000000000001
2017-01-27,919.75,,15.34,10.54,,3.86,12.1,0.0064150000000000006
2017-01-28,921.59,,15.27,10.56,,3.85,12.85,0.006342
2017-01-29,919.5,,15.51,10.48,,3.85,12.66,0.006402
2017-01-30,920.38,,15.96,10.57,,4.02,12.71,0.006381
2017-01-31,970.4,,16.07,10.73,,4.08,12.99,0.006314
2017-02-01,989.02,,16.03,10.73,,4.08,13.27,0.006540000000000001
2017-02-02,1011.8,,16.31,10.82,,4.09,13.14,0.006469
2017-02-03,1029.91,,17.52,11.11,,4.08,12.86,0.006474
2017-02-04,1042.9,,17.62,11.43,,4.06,12.61,0.006492
2017-02-05,1027.34,,17.06,11.35,,4.04,12.8,0.006442
2017-02-06,1038.15,,17.12,11.39,,4.04,12.88,0.00645
2017-02-07,1061.35,,17.14,11.52,,4.04,12.65,0.0064069999999999995
2017-02-08,1063.07,,17.35,11.43,,4.02,12.8,0.006437999999999999
2017-02-09,994.38,,16.58,11.03,,3.8,12.12,0.006374
2017-02-10,988.67,,16.67,11.28,,3.78,11.98,0.006289
2017-02-11,1004.45,,17.15,11.35,,3.79,12.24,0.006333
2017-02-12,999.18,,16.91,11.4,,3.76,12.33,0.006268999999999999
2017-02-13,990.64,,16.88,11.27,,3.72,12.2,0.006251
2017-02-14,1004.55,,18.15,13.03,,3.77,12.99,0.006278
2017-02-15,1007.48,,19.63,12.92,,3.81,13.62,0.006147
2017-02-16,1027.44,,19.52,12.9,,3.79,13.1,0.006027
2017-02-17,1046.21,,20.0,12.68,,3.83,13.3,0.005935
2017-02-18,1054.42,,21.41,12.81,,3.79,13.36,0.005569
2017-02-19,1047.87,,22.55,12.76,,3.76,12.99,0.005878
2017-02-20,1079.98,,21.59,12.43,,3.77,12.22,0.005873
2017-02-21,1115.3,,21.25,12.67,,3.78,12.34,0.005832
2017-02-22,1117.44,,22.12,12.6,,3.81,12.77,0.00586
2017-02-23,1166.72,,25.22,13.12,,3.84,12.87,0.005895
2017-02-24,1173.68,,26.2,13.07,,3.85,11.92,0.0057009999999999995
2017-02-25,1143.84,,26.76,13.55,,3.83,11.85,0.005665
2017-02-26,1165.2,,28.11,14.52,,3.83,11.89,0.005671
2017-02-27,1179.97,,28.18,15.4,,3.8,11.96,0.005609
2017-02-28,1179.97,,32.51,15.82,,3.77,12.28,0.005536
2017-03-01,1222.5,,42.54,17.35,,3.8,12.33,0.005408
2017-03-02,1251.01,,42.44,19.03,,3.92,13.11,0.005991
2017-03-03,1274.99,,47.38,19.46,,3.92,13.91,0.006339
2017-03-04,1255.15,,43.38,18.62,,3.88,13.67,0.006299
2017-03-05,1267.12,,42.31,19.3,,3.9,15.18,0.006129
2017-03-06,1272.83,,46.5,19.61,,3.92,15.41,0.006057
2017-03-07,1223.54,,45.68,18.89,,3.82,13.53,0.006534000000000001
2017-03-08,1150.0,,42.33,16.65,,3.78,12.47,0.006509
2017-03-09,1188.49,,51.06,17.75,,3.84,13.03,0.006498
2017-03-10,1116.72,,50.42,19.33,,3.75,13.21,0.006227
2017-03-11,1175.83,,72.93,21.47,,3.8,14.69,0.0062380000000000005
2017-03-12,1221.38,,77.08,23.44,,3.84,16.79,0.006255
2017-03-13,1231.92,,74.61,28.59,,4.17,18.13,0.006385
2017-03-14,1240.0,,88.24,28.65,,4.06,17.76,0.006381
2017-03-15,1249.61,,95.09,35.06,,4.16,18.98,0.006314
2017-03-16,1187.81,,89.81,46.35,,4.24,22.48,0.0063939999999999995
2017-03-17,1100.23,,99.14,46.83,,4.06,22.35,0.006116
2017-03-18,973.82,,109.24,34.16,,3.97,20.07,0.00671
2017-03-19,1036.74,,108.23,44.74,,3.96,23.29,0.006912000000000001
2017-03-20,1054.23,,100.05,43.39,,4.03,22.51,0.006975
2017-03-21,1120.54,,95.38,43.15,,4.01,21.29,0.006909
2017-03-22,1049.14,,101.51,42.34,,3.94,21.42,0.007301
2017-03-23,1038.59,,101.43,43.68,,3.98,21.82,0.010582
2017-03-24,937.52,,97.27,53.11,,4.08,21.1,0.010518000000000001
2017-03-25,972.78,,94.33,51.25,,4.07,20.14,0.009115999999999999
2017-03-26,966.73,,93.63,50.52,,4.06,19.61,0.009545
2017-03-27,1045.77,,85.66,49.67,,4.08,19.66,0.009597
2017-03-28,1047.15,,87.89,50.77,,4.16,19.81,0.009514
2017-03-29,1039.97,,84.4,53.13,,4.19,21.14,0.010101
2017-03-30,1026.43,,79.61,52.21,,6.98,20.88,0.013276
2017-03-31,1071.79,,74.91,50.04,,6.67,20.54,0.020888999999999998
2017-04-01,1080.5,,68.6,50.7,,6.88,21.5,0.021892
2017-04-02,1102.17,,57.07,48.75,,7.74,20.14,0.061159000000000005
2017-04-03,1143.81,,61.76,44.36,,8.07,20.33,0.033023000000000004
2017-04-04,1133.25,,69.07,44.64,,8.29,21.35,0.037455
2017-04-05,1124.78,,74.37,45.3,,11.09,19.62,0.035544
2017-04-06,1182.68,,66.53,43.24,,10.25,19.27,0.032665
2017-04-07,1176.9,,66.19,42.16,,9.37,19.39,0.036319
2017-04-08,1175.95,,67.75,44.31,,9.92,20.83,0.035849
2017-04-09,1187.87,,64.7,43.27,,8.71,20.68,0.03402
2017-04-10,1187.13,,61.31,43.44,,8.92,21.83,0.033598
2017-04-11,1205.01,,60.53,43.41,,8.85,21.36,0.032951999999999995
2017-04-12,1200.37,,68.0,46.29,,10.79,21.76,0.034336
2017-04-13,1169.28,,72.57,50.22,,10.15,21.48,0.034383
2017-04-14,1167.54,,70.77,47.57,,10.39,20.59,0.033779
2017-04-15,1172.52,,75.01,49.1,,10.79,20.71,0.033955
2017-04-16,1182.94,,75.34,48.72,,10.71,20.46,0.033462
2017-04-17,1193.91,,75.64,48.3,,10.42,20.56,0.033655000000000004
2017-04-18,1211.67,,72.83,50.71,,10.32,21.06,0.033183
2017-04-19,1210.29,,72.28,48.31,,9.66,20.39,0.030173000000000002
2017-04-20,1229.08,,71.45,49.67,,10.33,20.24,0.029983999999999997
2017-04-21,1222.05,,70.88,48.22,,11.23,20.29,0.032780000000000004
2017-04-22,1231.71,,71.22,48.55,,13.06,20.12,0.03177
2017-04-23,1207.21,,68.89,48.49,,13.94,19.72,0.031278
2017-04-24,1250.15,,72.2,50.03,,14.97,19.56,0.031383999999999995
2017-04-25,1265.49,,72.07,49.89,,15.21,19.65,0.032346
2017-04-26,1281.08,,71.53,52.72,,14.85,19.37,0.032797
2017-04-27,1317.73,,78.17,62.17,,14.62,21.21,0.034816
2017-04-28,1316.48,,79.49,70.16,,14.34,22.35,0.044475
2017-04-29,1321.79,,94.95,68.38,,15.74,22.76,0.052868
2017-04-30,1347.89,,91.55,79.02,,15.71,23.72,0.05160700000000001
2017-05-01,1421.6,,88.12,76.3,,15.92,22.77,0.055115
2017-05-02,1452.82,,86.24,77.26,,15.89,23.04,0.053908000000000005
2017-05-03,1490.09,,90.08,79.72,,21.04,25.2,0.060489999999999995
2017-05-04,1537.67,,92.8,96.98,,23.39,25.99,0.078914
2017-05-05,1555.45,,99.01,94.4,,26.27,28.45,0.09355
2017-05-06,1578.8,,99.76,97.81,,28.16,28.98,0.10179099999999999
2017-05-07,1596.71,,106.28,94.01,,30.29,32.78,0.141763
2017-05-08,1723.35,,101.1,91.42,,28.96,30.47,0.198212
2017-05-09,1755.36,,93.3,91.16,,33.58,28.66,0.160074
2017-05-10,1787.13,,91.52,89.52,,31.96,29.84,0.186066
2017-05-11,1848.57,,91.54,89.88,,30.72,29.51,0.183135
2017-05-12,1724.24,,86.8,88.66,,27.45,28.68,0.20606799999999997
2017-05-13,1804.91,,89.35,90.84,,28.91,28.47,0.214878
2017-05-14,1808.91,,89.8,90.79,,28.89,28.53,0.220223
2017-05-15,1738.43,,91.49,92.41,,25.37,27.79,0.27071999999999996
2017-05-16,1734.45,,85.59,89.44,,23.33,26.26,0.34986100000000003
2017-05-17,1839.09,,83.26,89.86,,25.4,26.93,0.39413200000000004
2017-05-18,1888.65,,89.73,96.91,,28.36,30.33,0.364869
2017-05-19,1987.71,,98.98,129.53,,27.7,31.87,0.327801
2017-05-20,2084.73,,100.77,126.52,,27.51,35.1,0.351634
2017-05-21,2041.2,,102.03,157.94,,26.3,34.64,0.336201
2017-05-22,2173.4,,120.73,174.26,,25.38,36.17,0.317954
2017-05-23,2320.42,,138.07,181.95,,32.11,55.62,0.323368
2017-05-24,2443.64,,144.63,190.05,,34.45,45.38,0.29589
2017-05-25,2304.98,,119.63,174.45,,29.9,40.12,0.246065
2017-05-26,2202.42,,112.94,160.4,,23.75,38.71,0.271808
2017-05-27,2038.87,,99.2,157.76,,23.74,33.41,0.212549
2017-05-28,2155.8,,108.14,170.51,,24.22,36.84,0.229554
2017-05-29,2255.61,,117.26,194.91,,25.21,41.21,0.23206999999999997
2017-05-30,2175.47,,121.13,231.91,,24.14,39.79,0.20532399999999998
2017-05-31,2286.41,,135.97,230.67,,25.3,41.83,0.24659
2017-06-01,2407.88,,136.08,222.24,,28.8,43.7,0.33365700000000004
2017-06-02,2488.55,,145.29,223.78,,28.94,44.0,0.303448
2017-06-03,2515.35,,144.29,224.38,,27.66,42.37,0.29458
2017-06-04,2511.81,,143.35,245.33,,27.94,42.9,0.299413
2017-06-05,2686.81,,144.92,248.46,,30.84,48.26,0.294003
2017-06-06,2863.2,,145.19,264.47,,30.55,55.57,0.284548
2017-06-07,2732.16,,140.36,258.07,,28.39,52.54,0.279783
2017-06-08,2805.62,,145.03,261.67,,30.21,56.19,0.28967800000000005
2017-06-09,2823.81,,148.93,281.74,,29.68,55.62,0.286019
2017-06-10,2947.71,,152.0,337.67,,30.44,52.28,0.260874
2017-06-11,2958.11,,188.27,340.61,,33.22,58.7,0.27275900000000003
2017-06-12,2659.63,,170.78,401.49,,29.5,50.04,0.25396399999999997
2017-06-13,2717.02,,183.97,397.54,0.590255,30.64,51.8,0.26615300000000003
2017-06-14,2506.37,,163.21,359.05,0.5289159999999999,30.22,46.3,0.278447
2017-06-15,2464.58,,163.35,361.93,0.363661,30.22,46.02,0.259266
2017-06-16,2518.56,,166.25,370.23,0.410757,35.7,48.11,0.26206799999999997
2017-06-17,2655.88,,178.13,379.41,0.41990600000000006,47.65,50.46,0.268351
2017-06-18,2548.29,,193.53,371.46,0.405862,46.04,49.6,0.2846
2017-06-19,2589.6,,201.26,370.06,0.41218299999999997,50.32,49.09,0.296068
2017-06-20,2721.79,,187.91,359.0,0.418494,47.22,48.08,0.324427
2017-06-21,2689.1,,178.81,336.87,0.413547,47.79,46.59,0.29636599999999996
2017-06-22,2705.41,,177.06,336.37,0.417742,47.71,47.28,0.297848
2017-06-23,2744.91,,189.26,341.74,0.48091000000000006,47.34,51.41,0.31997800000000004
2017-06-24,2608.72,,182.62,323.7,0.5129100000000001,44.49,48.03,0.31111
2017-06-25,2589.41,,172.88,303.25,0.470941,43.92,45.89,0.298423
2017-06-26,2478.45,,162.89,272.69,0.402438,41.13,43.49,0.27728800000000003
2017-06-27,2552.45,,176.02,293.09,0.392269,40.54,43.57,0.276306
2017-06-28,2574.79,,184.13,327.93,0.37913600000000003,42.85,47.32,0.280455
2017-06-29,2539.32,,177.17,302.88,0.41779799999999995,41.07,45.02,0.265421
2017-06-30,2480.84,,181.77,294.92,0.401591,40.35,43.73,0.26293
2017-07-01,2434.55,,165.71,274.6,0.38963000000000003,38.99,40.96,0.254744
2017-07-02,2506.47,,173.49,287.99,0.382249,41.57,42.79,0.259449
2017-07-03,2564.06,,180.79,282.9,0.376139,46.43,43.63,0.259959
2017-07-04,2601.64,,183.06,273.3,0.39639,55.33,45.47,0.254709
2017-07-05,2601.99,,209.48,268.77,0.38013,53.19,45.72,0.256523
2017-07-06,2608.56,,213.17,270.55,0.35388000000000003,51.13,50.12,0.254641
2017-07-07,2518.66,,196.46,245.99,0.284565,46.58,44.25,0.23948000000000003
2017-07-08,2571.34,,209.2,251.7,0.30551500000000004,52.14,46.1,0.236134
2017-07-09,2518.44,,195.64,242.14,0.30288899999999996,49.58,44.85,0.23341599999999998
2017-07-10,2372.56,,174.4,215.36,0.217061,46.58,40.01,0.203165
2017-07-11,2337.79,,165.73,197.4,0.187596,45.33,37.14,0.18501900000000002
2017-07-12,2398.84,,179.89,230.77,0.228758,48.75,40.39,0.205354
2017-07-13,2357.9,,171.24,209.73,0.21458899999999997,46.33,38.23,0.200809
2017-07-14,2233.34,,161.08,199.66,0.17535,42.8,35.48,0.190769
2017-07-15,1998.86,,140.14,170.66,0.15868800000000002,38.92,32.09,0.17058900000000002
2017-07-16,1929.82,,132.64,157.36,0.180978,40.91,29.43,0.148056
2017-07-17,2228.41,,153.85,193.42,0.26310500000000003,42.67,34.83,0.17788900000000002
2017-07-18,2318.88,,158.07,234.39,0.26734,44.3,36.38,0.188718
2017-07-19,2273.43,,155.65,199.7,0.232212,40.86,35.06,0.168388
2017-07-20,2817.6,,188.59,227.26,0.29246,45.02,40.3,0.18829500000000002
2017-07-21,2667.76,,185.86,218.31,0.26413400000000004,45.76,40.34,0.182608
2017-07-22,2810.12,,195.31,229.48,0.273382,46.56,44.71,0.19332
2017-07-23,2730.4,413.06,191.03,225.95,0.269072,44.06,42.67,0.19505799999999998
2017-07-24,2754.86,440.7,204.02,224.71,0.266447,44.41,45.58,0.192002
2017-07-25,2576.48,406.9,195.52,206.71,0.25045300000000004,42.24,40.68,0.17810399999999998
2017-07-26,2529.45,365.82,194.37,203.95,0.274598,42.23,45.8,0.173822
2017-07-27,2671.78,385.48,194.09,204.32,0.275467,42.14,45.24,0.173457
2017-07-28,2809.01,406.05,185.61,193.12,0.26511799999999996,40.61,43.96,0.165937
2017-07-29,2726.45,384.77,185.25,205.79,0.27519,41.12,43.89,0.169871
2017-07-30,2757.18,345.66,172.82,197.98,0.254785,40.42,39.62,0.165082
2017-07-31,2875.34,294.46,178.51,203.87,0.254732,43.02,39.84,0.16738599999999998
2017-08-01,2718.26,380.01,184.75,226.77,0.29022,43.04,44.15,0.177053
2017-08-02,2710.67,452.66,182.93,219.95,0.286116,42.13,43.63,0.17311300000000002
2017-08-03,2804.73,364.05,186.99,225.34,0.332352,42.86,43.36,0.174612
2017-08-04,2895.89,233.05,186.97,223.07,0.391286,43.45,45.12,0.173743
2017-08-05,3252.91,213.15,193.83,256.51,0.40798,46.86,48.58,0.18473699999999998
2017-08-06,3213.94,220.66,189.13,261.57,0.431142,45.1,47.83,0.180444
2017-08-07,3378.94,319.69,197.19,269.18,0.474577,45.8,50.21,0.179021
2017-08-08,3419.94,345.49,203.84,296.77,0.547637,48.63,51.94,0.19258599999999998
2017-08-09,3342.47,303.89,199.21,296.03,0.5433279999999999,48.01,50.96,0.182947
2017-08-10,3381.28,275.95,200.96,295.89,0.5664560000000001,46.5,49.47,0.180399
2017-08-11,3650.62,328.24,205.79,308.86,0.654872,47.1,50.65,0.179307
2017-08-12,3884.71,317.09,205.49,310.6,0.721535,46.43,49.37,0.173853
2017-08-13,4073.26,298.05,198.17,298.06,0.807713,45.81,47.76,0.16809200000000002
2017-08-14,4325.13,297.68,199.44,300.1,0.976404,45.8,49.75,0.169991
2017-08-15,4181.93,297.86,203.52,289.82,0.917949,43.31,48.74,0.161221
2017-08-16,4376.63,300.21,232.02,302.27,1.05,44.15,48.78,0.160431
2017-08-17,4331.69,460.53,233.62,301.46,1.02,43.91,47.45,0.157498
2017-08-18,4160.62,690.24,224.28,295.59,0.8701469999999999,47.28,46.69,0.158883
2017-08-19,4193.7,754.56,288.7,297.47,0.9785209999999999,45.48,55.96,0.155057
2017-08-20,4087.66,712.87,294.2,301.43,0.942205,46.23,54.71,0.158735
2017-08-21,4001.74,599.63,279.58,321.59,0.9062690000000001,47.94,77.82,0.191918
2017-08-22,4100.52,690.88,291.5,314.79,0.843775,46.73,91.16,0.23928600000000003
2017-08-23,4151.52,669.4,292.57,317.52,0.8503709999999999,53.25,90.33,0.246827
2017-08-24,4334.68,628.11,315.37,325.61,0.895101,50.19,86.29,0.21895799999999999
2017-08-25,4371.6,641.05,315.89,331.92,0.9196350000000001,51.18,108.26,0.21782800000000002
2017-08-26,4352.4,625.32,399.85,333.88,0.9622129999999999,51.75,138.05,0.212577
2017-08-27,4382.88,620.9,362.89,347.89,0.920351,61.16,130.68,0.202995
2017-08-28,4382.66,596.18,356.78,347.75,0.8751969999999999,62.36,145.4,0.22450799999999999
2017-08-29,4579.02,552.93,359.55,370.67,0.8119609999999999,63.17,133.03,0.21856399999999998
2017-08-30,4565.3,575.21,368.34,378.49,0.869647,64.17,132.38,0.228006
2017-08-31,4703.39,588.17,378.32,383.04,0.842424,71.06,140.41,0.25563
2017-09-01,4892.01,622.17,393.35,387.74,0.807778,86.04,141.2,0.248479
2017-09-02,4578.77,575.9,350.17,348.98,0.695547,79.02,124.8,0.226669
2017-09-03,4582.96,607.43,356.39,347.48,0.7439680000000001,76.84,126.01,0.22881100000000001
2017-09-04,4236.31,517.24,316.13,295.17,0.566472,65.21,106.17,0.20496799999999998
2017-09-05,4376.53,541.71,327.23,312.99,0.613085,71.29,118.82,0.215189
2017-09-06,4597.12,638.18,347.17,334.34,0.741663,80.11,121.63,0.22618600000000003
2017-09-07,4599.88,652.86,343.91,329.43,0.6457579999999999,78.48,120.84,0.22364
2017-09-08,4228.75,583.1,333.21,296.5,0.540475,67.79,118.04,0.21151799999999998
2017-09-09,4226.06,547.47,323.14,294.4,0.560809,66.01,116.27,0.209995
2017-09-10,4122.94,537.07,320.11,288.75,0.49560699999999996,61.61,112.33,0.213031
2017-09-11,4161.27,537.81,318.4,294.53,0.5582729999999999,66.04,112.75,0.214441
2017-09-12,4130.81,510.41,325.97,291.46,0.591949,64.23,111.89,0.20930300000000002
2017-09-13,3882.59,503.61,301.29,277.11,0.55682,61.73,111.33,0.20077799999999998
2017-09-14,3154.95,367.04,236.24,213.91,0.44501899999999994,41.58,83.04,0.164167
2017-09-15,3637.52,424.02,284.36,250.46,0.48051000000000005,48.21,99.85,0.181358
2017-09-16,3625.04,440.22,298.86,246.52,0.48723900000000003,48.26,95.29,0.179082
2017-09-17,3582.88,419.86,313.84,251.75,0.497046,48.49,93.74,0.178393
2017-09-18,4065.2,479.32,333.0,293.5,0.606233,55.53,100.57,0.18976800000000002
2017-09-19,3924.97,527.88,324.26,282.8,0.565168,52.84,97.72,0.184041
2017-09-20,3905.95,476.05,342.43,283.74,0.566627,51.73,95.57,0.182078
2017-09-21,3631.04,416.26,330.05,258.58,0.500724,46.61,86.24,0.171754
2017-09-22,3630.7,415.09,346.58,264.31,0.5060100000000001,48.09,88.17,0.17351
2017-09-23,3792.4,428.5,350.79,286.17,0.541796,49.27,91.85,0.17788199999999998
2017-09-24,3682.84,421.03,331.85,282.48,0.521379,47.62,89.5,0.175787
2017-09-25,3926.07,445.8,345.09,292.33,0.556207,51.58,93.64,0.18148699999999998
2017-09-26,3892.35,441.83,339.1,287.44,0.515205,51.55,93.13,0.186119
2017-09-27,4200.67,457.31,346.43,306.47,0.551005,56.28,101.04,0.203299
2017-09-28,4174.73,447.81,338.25,299.15,0.595896,54.09,97.23,0.196131
2017-09-29,4163.07,436.77,327.7,291.47,0.584418,52.62,94.5,0.193606
2017-09-30,4338.71,432.63,327.14,301.46,0.620822,55.14,95.76,0.197529
2017-10-01,4403.74,415.15,315.8,302.34,0.610183,54.54,93.22,0.20653200000000002
2017-10-02,4409.32,421.19,308.69,297.48,0.575398,53.38,91.54,0.202676
2017-10-03,4317.48,404.18,296.24,292.46,0.561712,52.35,92.96,0.203318
2017-10-04,4229.36,358.45,305.46,292.66,0.546982,51.4,90.41,0.21477399999999996
2017-10-05,4328.41,355.75,305.4,295.86,0.5409149999999999,51.67,91.86,0.23701599999999998
2017-10-06,4370.81,363.01,306.88,308.59,0.503448,52.12,91.19,0.234039
2017-10-07,4426.89,360.78,310.49,311.12,0.538529,52.58,91.7,0.23861
2017-10-08,4610.48,342.21,302.48,308.61,0.5000319999999999,53.14,89.77,0.279944
2017-10-09,4772.02,314.16,283.67,297.39,0.469438,50.16,85.49,0.251825
2017-10-10,4781.99,321.59,291.27,299.87,0.477576,50.72,86.82,0.260733
2017-10-11,4826.48,314.9,298.4,303.46,0.48146400000000006,50.89,87.42,0.264439
2017-10-12,5446.91,313.21,291.91,304.14,0.41241700000000003,60.11,87.09,0.248414
2017-10-13,5647.21,321.46,310.38,338.76,0.44159499999999996,59.43,95.13,0.26048899999999997
2017-10-14,5831.79,321.96,316.69,339.63,0.457837,63.95,100.23,0.25732
2017-10-15,5678.19,314.95,309.51,336.6,0.438429,65.47,94.87,0.26398299999999997
2017-10-16,5725.59,313.64,302.21,333.38,0.45065500000000003,64.62,95.9,0.256232
2017-10-17,5605.51,371.73,299.88,317.08,0.468463,59.48,91.28,0.232064
2017-10-18,5590.69,339.17,297.26,314.32,0.454575,60.73,89.54,0.21852
2017-10-19,5708.52,330.81,295.47,308.09,0.433388,59.74,88.62,0.21515
2017-10-20,6011.45,327.44,289.19,304.01,0.401913,60.33,90.54,0.210549
2017-10-21,6031.6,323.36,277.86,300.19,0.393045,58.2,88.12,0.21101599999999998
2017-10-22,6008.42,331.66,275.7,295.45,0.392542,56.81,86.58,0.204177
2017-10-23,5930.32,315.6,284.23,286.95,0.38648699999999997,54.92,85.21,0.196928
2017-10-24,5526.64,326.89,293.2,298.33,0.453682,55.96,88.4,0.206644
2017-10-25,5750.8,332.13,289.14,297.93,0.44344799999999995,56.49,88.13,0.204604
2017-10-26,5904.83,338.2,286.13,296.53,0.41710699999999995,55.74,88.58,0.203628
2017-10-27,5780.9,367.57,280.48,297.42,0.42335500000000004,55.33,86.75,0.202785
2017-10-28,5753.09,423.35,275.69,296.3,0.395483,54.69,86.31,0.201835
2017-10-29,6153.85,451.92,283.93,305.09,0.40371999999999997,57.11,88.65,0.202785
2017-10-30,6130.53,448.23,285.94,307.75,0.409046,56.39,88.84,0.202711
2017-10-31,6468.4,439.05,279.15,305.88,0.390915,55.75,87.64,0.200558
2017-11-01,6767.31,531.83,271.56,291.69,0.36391999999999997,53.18,85.72,0.194124
2017-11-02,7078.5,587.22,265.31,287.43,0.366056,54.74,83.76,0.20586100000000002
2017-11-03,7207.76,625.32,278.59,305.71,0.39312600000000003,56.18,87.99,0.20813299999999998
2017-11-04,7379.95,620.45,274.68,300.47,0.368643,55.04,87.3,0.20375
2017-11-05,7407.41,630.7,273.17,296.26,0.350084,54.75,86.35,0.20205499999999998
2017-11-06,7022.76,602.65,275.68,298.89,0.37393899999999997,55.17,102.92,0.20599
2017-11-07,7144.38,616.3,293.38,294.66,0.383096,61.3,99.76,0.21035399999999999
