Date_Time_New,Value
29-12-1930,160.16
27-12-1930,160.3
26-12-1930,161.18
24-12-1930,165.2
23-12-1930,162.93
22-12-1930,162.42
20-12-1930,169.42
19-12-1930,168.99
18-12-1930,166.71
17-12-1930,165.6
16-12-1930,157.51
15-12-1930,163.34
13-12-1930,163.34
12-12-1930,168.68
11-12-1930,170.31
10-12-1930,173.98
09-12-1930,176.5
08-12-1930,176.09
06-12-1930,178.37
05-12-1930,181.11
04-12-1930,180.99
03-12-1930,184.11
02-12-1930,186.82
01-12-1930,185.48
29-11-1930,183.39
28-11-1930,180.91
26-11-1930,183.11
25-11-1930,185.47
24-11-1930,188.27
22-11-1930,188.04
21-11-1930,190.3
20-11-1930,187.09
19-11-1930,187.57
18-11-1930,183.42
17-11-1930,180.5
15-11-1930,186.68
14-11-1930,184.03
13-11-1930,180.38
12-11-1930,177.33
11-11-1930,173.3
10-11-1930,171.6
08-11-1930,173.14
07-11-1930,174.38
06-11-1930,180.72
05-11-1930,179.81
03-11-1930,185.39
01-11-1930,184.89
31-10-1930,183.35
30-10-1930,188.07
29-10-1930,190.73
28-10-1930,194.95
27-10-1930,195.09
25-10-1930,193.34
24-10-1930,195.09
23-10-1930,188.1
22-10-1930,184.98
21-10-1930,186.4
20-10-1930,193.32
18-10-1930,185.29
17-10-1930,187.37
16-10-1930,196.62
15-10-1930,200.26
14-10-1930,196.7
11-10-1930,193.05
10-10-1930,198.5
09-10-1930,192.0
08-10-1930,200.56
07-10-1930,203.62
06-10-1930,202.76
04-10-1930,211.1
03-10-1930,214.18
02-10-1930,211.04
01-10-1930,214.14
30-09-1930,204.9
29-09-1930,208.14
27-09-1930,212.52
26-09-1930,213.27
25-09-1930,217.75
24-09-1930,222.1
23-09-1930,226.75
22-09-1930,222.78
20-09-1930,229.85
19-09-1930,229.02
18-09-1930,234.18
17-09-1930,237.74
16-09-1930,237.22
15-09-1930,236.62
13-09-1930,240.34
12-09-1930,241.17
11-09-1930,242.88
10-09-1930,245.09
09-09-1930,244.29
08-09-1930,242.84
06-09-1930,243.64
05-09-1930,240.37
04-09-1930,236.04
03-09-1930,237.54
02-09-1930,240.42
29-08-1930,240.42
28-08-1930,237.79
27-08-1930,237.93
26-08-1930,235.47
25-08-1930,231.52
23-08-1930,234.42
22-08-1930,232.63
21-08-1930,231.27
20-08-1930,232.98
19-08-1930,230.68
18-08-1930,227.79
16-08-1930,228.02
15-08-1930,228.55
14-08-1930,221.08
13-08-1930,220.35
12-08-1930,217.24
11-08-1930,224.13
09-08-1930,222.59
08-08-1930,222.82
07-08-1930,232.69
06-08-1930,234.38
05-08-1930,238.47
04-08-1930,238.16
02-08-1930,234.5
01-08-1930,233.57
31-07-1930,233.99
30-07-1930,231.08
29-07-1930,238.4
28-07-1930,240.81
26-07-1930,240.31
25-07-1930,237.48
24-07-1930,235.51
23-07-1930,239.33
22-07-1930,234.3
21-07-1930,229.29
19-07-1930,236.65
18-07-1930,240.57
17-07-1930,239.07
16-07-1930,235.63
15-07-1930,233.79
14-07-1930,234.21
12-07-1930,229.23
11-07-1930,224.86
10-07-1930,227.39
09-07-1930,222.04
08-07-1930,219.08
07-07-1930,218.33
03-07-1930,222.46
02-07-1930,225.25
01-07-1930,223.03
30-06-1930,226.34
28-06-1930,219.12
27-06-1930,218.78
26-06-1930,220.58
25-06-1930,215.58
24-06-1930,211.84
23-06-1930,219.58
21-06-1930,215.3
20-06-1930,221.92
19-06-1930,228.97
18-06-1930,218.84
17-06-1930,228.57
16-06-1930,230.05
14-06-1930,244.25
13-06-1930,249.69
12-06-1930,247.18
11-06-1930,249.08
10-06-1930,257.29
09-06-1930,250.78
07-06-1930,257.82
06-06-1930,263.93
05-06-1930,268.59
04-06-1930,272.44
03-06-1930,271.18
02-06-1930,274.45
29-05-1930,275.07
28-05-1930,273.84
27-05-1930,272.43
26-05-1930,272.14
24-05-1930,271.33
23-05-1930,270.01
22-05-1930,266.89
21-05-1930,265.52
20-05-1930,267.1
19-05-1930,265.87
17-05-1930,272.41
16-05-1930,271.52
15-05-1930,269.91
14-05-1930,274.4
13-05-1930,274.17
12-05-1930,270.16
10-05-1930,272.01
09-05-1930,267.29
08-05-1930,263.93
07-05-1930,263.69
06-05-1930,268.81
05-05-1930,259.68
03-05-1930,258.31
02-05-1930,266.56
01-05-1930,274.59
30-04-1930,279.23
29-04-1930,278.43
28-04-1930,276.94
26-04-1930,285.46
25-04-1930,285.76
24-04-1930,286.18
23-04-1930,288.78
22-04-1930,290.01
21-04-1930,288.23
17-04-1930,294.07
16-04-1930,292.2
15-04-1930,293.26
14-04-1930,293.18
12-04-1930,293.43
11-04-1930,292.65
10-04-1930,292.19
09-04-1930,291.15
08-04-1930,288.36
07-04-1930,290.19
05-04-1930,289.96
04-04-1930,288.35
03-04-1930,285.77
02-04-1930,285.27
01-04-1930,287.11
31-03-1930,286.1
29-03-1930,286.19
28-03-1930,283.85
27-03-1930,281.63
26-03-1930,283.22
25-03-1930,280.5
24-03-1930,279.11
22-03-1930,276.43
21-03-1930,280.55
20-03-1930,279.41
19-03-1930,277.88
18-03-1930,277.27
17-03-1930,274.26
15-03-1930,270.25
14-03-1930,271.34
13-03-1930,273.47
12-03-1930,272.13
11-03-1930,276.25
10-03-1930,276.85
08-03-1930,275.46
07-03-1930,275.57
06-03-1930,274.51
05-03-1930,270.59
04-03-1930,273.51
03-03-1930,271.11
01-03-1930,273.24
28-02-1930,271.11
27-02-1930,269.39
26-02-1930,269.06
25-02-1930,262.8
24-02-1930,262.47
21-02-1930,265.81
20-02-1930,263.41
19-02-1930,268.46
18-02-1930,270.73
17-02-1930,270.54
15-02-1930,269.25
14-02-1930,271.52
13-02-1930,272.27
11-02-1930,271.05
10-02-1930,268.56
08-02-1930,269.78
07-02-1930,267.82
06-02-1930,268.56
05-02-1930,272.06
04-02-1930,268.48
03-02-1930,266.54
01-02-1930,268.41
31-01-1930,267.14
30-01-1930,263.28
29-01-1930,262.18
28-01-1930,257.9
27-01-1930,260.93
25-01-1930,259.06
24-01-1930,256.31
23-01-1930,253.52
22-01-1930,250.19
21-01-1930,249.58
20-01-1930,247.31
18-01-1930,246.84
17-01-1930,246.33
16-01-1930,248.99
15-01-1930,251.54
14-01-1930,250.44
13-01-1930,249.62
11-01-1930,248.71
10-01-1930,250.03
09-01-1930,249.68
08-01-1930,245.7
07-01-1930,246.5
06-01-1930,248.1
04-01-1930,248.85
03-01-1930,247.19
02-01-1930,244.2
31-12-1929,248.48
30-12-1929,241.06
28-12-1929,238.43
27-12-1929,240.66
26-12-1929,240.96
24-12-1929,234.07
23-12-1929,232.65
21-12-1929,235.42
20-12-1929,230.89
19-12-1929,240.42
18-12-1929,246.84
17-12-1929,249.58
16-12-1929,245.88
14-12-1929,253.02
13-12-1929,249.6
12-12-1929,243.14
11-12-1929,258.44
10-12-1929,262.2
09-12-1929,259.18
07-12-1929,263.46
06-12-1929,260.12
05-12-1929,251.51
04-12-1929,254.64
03-12-1929,249.61
02-12-1929,241.7
27-11-1929,238.95
26-11-1929,235.35
25-11-1929,243.44
22-11-1929,245.74
21-11-1929,248.49
20-11-1929,241.23
19-11-1929,234.02
18-11-1929,227.56
15-11-1929,228.73
14-11-1929,217.28
13-11-1929,198.69
12-11-1929,209.74
11-11-1929,220.39
08-11-1929,236.53
07-11-1929,238.19
06-11-1929,232.13
04-11-1929,257.68
31-10-1929,273.51
30-10-1929,258.47
29-10-1929,230.07
28-10-1929,260.64
26-10-1929,298.97
25-10-1929,301.22
24-10-1929,299.47
23-10-1929,305.85
22-10-1929,326.51
21-10-1929,320.91
19-10-1929,323.87
18-10-1929,333.29
17-10-1929,341.86
16-10-1929,336.13
15-10-1929,347.24
14-10-1929,350.97
11-10-1929,352.69
10-10-1929,352.86
09-10-1929,346.66
08-10-1929,345.0
07-10-1929,345.72
05-10-1929,341.36
04-10-1929,325.17
03-10-1929,329.95
02-10-1929,344.5
01-10-1929,342.57
30-09-1929,343.45
28-09-1929,347.17
27-09-1929,344.87
26-09-1929,355.95
25-09-1929,352.57
24-09-1929,352.61
23-09-1929,359.0
21-09-1929,361.16
20-09-1929,362.05
19-09-1929,369.97
18-09-1929,370.9
17-09-1929,368.52
16-09-1929,372.39
14-09-1929,367.01
13-09-1929,366.85
12-09-1929,366.35
11-09-1929,370.91
10-09-1929,367.29
09-09-1929,374.93
07-09-1929,377.56
06-09-1929,376.29
05-09-1929,369.77
04-09-1929,379.61
03-09-1929,381.17
30-08-1929,380.33
29-08-1929,376.18
28-08-1929,372.06
27-08-1929,373.79
26-08-1929,374.46
24-08-1929,375.44
23-08-1929,374.61
22-08-1929,369.95
21-08-1929,365.55
20-08-1929,367.67
19-08-1929,365.2
17-08-1929,360.7
16-08-1929,361.49
15-08-1929,354.42
14-08-1929,354.86
13-08-1929,354.03
12-08-1929,351.13
10-08-1929,344.84
09-08-1929,337.99
08-08-1929,352.1
07-08-1929,348.44
06-08-1929,351.39
05-08-1929,352.5
03-08-1929,355.62
02-08-1929,353.08
01-08-1929,350.56
31-07-1929,347.7
30-07-1929,343.12
29-07-1929,339.21
27-07-1929,343.73
26-07-1929,345.47
25-07-1929,344.67
24-07-1929,343.04
23-07-1929,345.48
22-07-1929,341.37
20-07-1929,345.87
19-07-1929,345.2
18-07-1929,344.59
17-07-1929,345.63
16-07-1929,344.24
15-07-1929,341.93
13-07-1929,345.94
12-07-1929,346.37
11-07-1929,343.04
10-07-1929,343.3
09-07-1929,345.57
08-07-1929,346.55
06-07-1929,344.66
05-07-1929,344.27
03-07-1929,341.99
02-07-1929,340.28
01-07-1929,335.22
29-06-1929,333.79
28-06-1929,331.65
27-06-1929,328.91
26-06-1929,328.6
25-06-1929,326.16
24-06-1929,321.15
22-06-1929,322.23
21-06-1929,320.68
20-06-1929,317.73
19-06-1929,316.41
18-06-1929,319.67
17-06-1929,319.33
15-06-1929,314.26
14-06-1929,313.68
13-06-1929,313.05
12-06-1929,306.68
11-06-1929,306.64
10-06-1929,303.27
08-06-1929,305.12
07-06-1929,307.46
06-06-1929,307.72
05-06-1929,307.68
04-06-1929,310.57
03-06-1929,304.2
01-06-1929,299.12
31-05-1929,297.41
29-05-1929,296.76
28-05-1929,298.87
27-05-1929,293.42
25-05-1929,304.33
24-05-1929,305.64
23-05-1929,308.09
22-05-1929,300.83
21-05-1929,314.09
20-05-1929,312.7
18-05-1929,321.48
17-05-1929,321.38
16-05-1929,320.09
15-05-1929,319.35
14-05-1929,320.79
13-05-1929,316.49
11-05-1929,324.59
10-05-1929,325.7
09-05-1929,321.17
08-05-1929,323.51
07-05-1929,321.91
06-05-1929,326.16
04-05-1929,327.08
03-05-1929,325.56
02-05-1929,321.52
01-05-1929,320.13
30-04-1929,319.29
29-04-1929,313.84
27-04-1929,315.68
26-04-1929,314.15
25-04-1929,314.28
24-04-1929,315.66
23-04-1929,316.62
22-04-1929,315.33
20-04-1929,311.07
19-04-1929,310.58
18-04-1929,311.87
17-04-1929,309.91
16-04-1929,304.19
15-04-1929,302.43
13-04-1929,304.41
12-04-1929,305.43
11-04-1929,304.09
10-04-1929,300.67
09-04-1929,299.13
08-04-1929,301.49
06-04-1929,302.81
05-04-1929,303.04
04-04-1929,305.37
03-04-1929,300.35
02-04-1929,303.49
01-04-1929,300.4
28-03-1929,308.85
27-03-1929,303.22
26-03-1929,296.51
25-03-1929,297.5
23-03-1929,306.21
22-03-1929,310.26
21-03-1929,314.63
20-03-1929,316.44
19-03-1929,317.53
18-03-1929,317.59
16-03-1929,320.0
15-03-1929,319.7
14-03-1929,316.26
13-03-1929,310.29
12-03-1929,306.14
11-03-1929,305.75
09-03-1929,311.61
08-03-1929,311.59
07-03-1929,308.99
06-03-1929,305.2
05-03-1929,310.2
04-03-1929,313.86
02-03-1929,319.12
01-03-1929,321.18
28-02-1929,317.41
27-02-1929,314.53
26-02-1929,311.25
25-02-1929,311.24
21-02-1929,310.06
20-02-1929,305.99
19-02-1929,301.1
18-02-1929,300.74
16-02-1929,295.85
15-02-1929,300.41
14-02-1929,306.49
13-02-1929,308.07
11-02-1929,310.35
08-02-1929,301.53
07-02-1929,305.75
06-02-1929,317.18
05-02-1929,322.06
04-02-1929,319.05
02-02-1929,319.76
01-02-1929,319.68
31-01-1929,317.51
30-01-1929,312.6
29-01-1929,312.6
28-01-1929,314.04
26-01-1929,314.56
25-01-1929,315.13
24-01-1929,309.39
23-01-1929,310.33
22-01-1929,307.06
21-01-1929,304.64
19-01-1929,305.96
18-01-1929,304.14
17-01-1929,303.95
16-01-1929,302.66
15-01-1929,297.66
14-01-1929,304.06
12-01-1929,301.25
11-01-1929,301.66
10-01-1929,301.58
09-01-1929,300.83
08-01-1929,296.98
07-01-1929,297.7
05-01-1929,302.43
04-01-1929,304.75
03-01-1929,305.72
02-01-1929,307.01
31-12-1928,300.0
29-12-1928,297.28
28-12-1928,296.52
27-12-1928,290.95
26-12-1928,286.13
24-12-1928,287.89
22-12-1928,285.94
21-12-1928,286.53
20-12-1928,282.01
19-12-1928,280.5
18-12-1928,275.42
17-12-1928,270.23
15-12-1928,270.72
14-12-1928,272.26
13-12-1928,266.88
12-12-1928,266.82
11-12-1928,269.34
10-12-1928,263.95
08-12-1928,257.33
07-12-1928,271.05
06-12-1928,279.79
05-12-1928,290.68
04-12-1928,291.3
03-12-1928,289.23
01-12-1928,290.8
30-11-1928,293.38
28-11-1928,295.62
27-11-1928,292.39
26-11-1928,291.16
23-11-1928,288.22
22-11-1928,290.34
21-11-1928,280.53
20-11-1928,283.9
19-11-1928,278.78
17-11-1928,277.48
16-11-1928,276.66
15-11-1928,269.42
14-11-1928,268.6
13-11-1928,269.89
12-11-1928,269.67
10-11-1928,265.58
09-11-1928,263.05
08-11-1928,261.11
07-11-1928,260.68
05-11-1928,257.58
03-11-1928,254.16
02-11-1928,254.38
01-11-1928,255.23
31-10-1928,252.16
30-10-1928,253.7
29-10-1928,257.13
27-10-1928,255.51
26-10-1928,251.44
25-10-1928,256.48
24-10-1928,257.03
23-10-1928,256.04
22-10-1928,253.6
20-10-1928,253.75
19-10-1928,256.59
18-10-1928,251.88
17-10-1928,250.87
16-10-1928,249.43
15-10-1928,249.85
13-10-1928,249.13
11-10-1928,247.69
10-10-1928,246.53
09-10-1928,241.73
08-10-1928,239.55
06-10-1928,240.17
05-10-1928,240.44
04-10-1928,240.0
03-10-1928,237.75
02-10-1928,238.14
01-10-1928,240.01
29-09-1928,239.43
28-09-1928,237.38
27-09-1928,236.86
26-09-1928,239.4
25-09-1928,240.41
24-09-1928,240.13
22-09-1928,238.84
21-09-1928,239.37
20-09-1928,239.08
19-09-1928,239.61
18-09-1928,240.11
17-09-1928,241.25
15-09-1928,240.02
14-09-1928,239.62
13-09-1928,240.2
12-09-1928,241.48
11-09-1928,241.05
10-09-1928,238.82
08-09-1928,241.11
07-09-1928,241.72
06-09-1928,239.06
05-09-1928,240.02
04-09-1928,240.25
01-09-1928,240.38
31-08-1928,240.41
30-08-1928,238.85
29-08-1928,238.28
28-08-1928,236.55
27-08-1928,234.83
25-08-1928,234.98
24-08-1928,233.68
23-08-1928,229.24
22-08-1928,229.71
21-08-1928,228.79
20-08-1928,225.77
18-08-1928,223.61
17-08-1928,222.41
16-08-1928,221.34
15-08-1928,219.4
14-08-1928,214.08
13-08-1928,215.53
11-08-1928,215.29
10-08-1928,214.91
09-08-1928,215.1
08-08-1928,215.19
07-08-1928,218.06
06-08-1928,218.04
04-08-1928,216.67
03-08-1928,216.15
02-08-1928,214.9
01-08-1928,216.78
31-07-1928,216.0
30-07-1928,216.62
28-07-1928,215.89
27-07-1928,215.66
26-07-1928,212.65
25-07-1928,213.04
24-07-1928,212.0
23-07-1928,210.84
21-07-1928,208.79
20-07-1928,209.95
19-07-1928,208.73
18-07-1928,209.3
17-07-1928,206.42
16-07-1928,205.1
14-07-1928,207.77
13-07-1928,207.83
12-07-1928,206.71
11-07-1928,206.43
10-07-1928,212.71
09-07-1928,213.86
07-07-1928,213.55
06-07-1928,212.49
05-07-1928,214.43
03-07-1928,211.9
02-07-1928,208.21
30-06-1928,210.55
29-06-1928,210.37
28-06-1928,209.63
27-06-1928,208.42
26-06-1928,206.08
25-06-1928,203.95
23-06-1928,203.3
22-06-1928,204.25
21-06-1928,204.15
20-06-1928,204.49
19-06-1928,202.01
18-06-1928,201.96
16-06-1928,205.75
15-06-1928,205.96
14-06-1928,210.76
13-06-1928,209.01
12-06-1928,202.65
11-06-1928,205.74
09-06-1928,209.01
08-06-1928,211.51
07-06-1928,215.08
06-06-1928,215.51
05-06-1928,217.8
04-06-1928,216.62
02-06-1928,220.96
01-06-1928,220.27
31-05-1928,219.81
29-05-1928,217.28
28-05-1928,214.05
25-05-1928,217.74
24-05-1928,217.53
23-05-1928,215.45
22-05-1928,211.73
21-05-1928,214.33
18-05-1928,217.64
17-05-1928,218.76
16-05-1928,216.65
15-05-1928,219.52
14-05-1928,220.88
11-05-1928,220.74
10-05-1928,218.43
09-05-1928,218.71
08-05-1928,220.09
07-05-1928,219.51
04-05-1928,217.66
03-05-1928,214.62
02-05-1928,213.88
01-05-1928,213.48
30-04-1928,211.63
28-04-1928,212.55
27-04-1928,212.25
26-04-1928,210.18
25-04-1928,208.96
24-04-1928,208.85
23-04-1928,207.94
20-04-1928,210.9
19-04-1928,214.07
18-04-1928,213.36
17-04-1928,213.02
16-04-1928,215.79
14-04-1928,215.15
13-04-1928,216.93
12-04-1928,212.13
11-04-1928,212.46
10-04-1928,209.23
09-04-1928,211.53
05-04-1928,212.12
04-04-1928,209.82
03-04-1928,209.95
02-04-1928,209.33
31-03-1928,213.35
30-03-1928,214.45
29-03-1928,210.76
28-03-1928,210.03
27-03-1928,210.38
26-03-1928,210.36
24-03-1928,209.1
23-03-1928,208.56
22-03-1928,206.67
21-03-1928,206.78
20-03-1928,205.23
19-03-1928,203.66
17-03-1928,204.03
16-03-1928,204.7
15-03-1928,202.91
14-03-1928,201.04
13-03-1928,202.31
12-03-1928,203.33
10-03-1928,200.24
09-03-1928,201.32
08-03-1928,198.26
07-03-1928,197.48
06-03-1928,199.51
05-03-1928,197.8
03-03-1928,195.43
02-03-1928,194.53
01-03-1928,194.81
29-02-1928,194.78
28-02-1928,193.94
27-02-1928,192.12
25-02-1928,193.08
24-02-1928,193.15
23-02-1928,193.09
21-02-1928,192.81
20-02-1928,191.33
18-02-1928,191.8
17-02-1928,192.48
16-02-1928,196.3
15-02-1928,197.59
14-02-1928,197.93
11-02-1928,199.16
10-02-1928,199.02
09-02-1928,199.35
08-02-1928,197.86
07-02-1928,196.85
06-02-1928,196.63
04-02-1928,196.53
03-02-1928,196.3
02-02-1928,199.2
01-02-1928,197.98
31-01-1928,198.59
30-01-1928,197.57
28-01-1928,198.87
27-01-1928,200.31
26-01-1928,199.6
25-01-1928,198.58
24-01-1928,201.01
23-01-1928,199.72
21-01-1928,198.46
20-01-1928,198.06
19-01-1928,196.24
18-01-1928,194.5
17-01-1928,195.35
16-01-1928,195.41
14-01-1928,197.96
13-01-1928,199.51
12-01-1928,198.35
11-01-1928,197.43
10-01-1928,197.52
09-01-1928,199.63
07-01-1928,201.97
06-01-1928,201.45
05-01-1928,199.61
04-01-1928,202.24
03-01-1928,203.35
31-12-1927,202.4
30-12-1927,200.7
29-12-1927,199.96
28-12-1927,198.6
27-12-1927,200.32
24-12-1927,200.3
23-12-1927,200.81
22-12-1927,200.62
21-12-1927,200.63
20-12-1927,200.93
19-12-1927,200.93
17-12-1927,199.95
16-12-1927,198.93
15-12-1927,197.09
14-12-1927,196.74
13-12-1927,198.05
12-12-1927,197.35
10-12-1927,196.38
09-12-1927,196.19
08-12-1927,193.58
07-12-1927,195.43
06-12-1927,196.44
05-12-1927,196.96
03-12-1927,197.34
02-12-1927,196.75
01-12-1927,196.58
30-11-1927,198.21
29-11-1927,196.95
28-11-1927,194.8
26-11-1927,196.97
25-11-1927,196.88
23-11-1927,197.1
22-11-1927,196.2
21-11-1927,194.9
19-11-1927,196.83
18-11-1927,196.68
17-11-1927,195.47
16-11-1927,194.53
15-11-1927,195.37
14-11-1927,195.91
12-11-1927,194.11
11-11-1927,193.34
10-11-1927,190.7
09-11-1927,189.31
07-11-1927,190.57
05-11-1927,188.47
04-11-1927,187.49
03-11-1927,186.5
02-11-1927,184.61
01-11-1927,181.65
31-10-1927,181.73
29-10-1927,180.32
28-10-1927,181.68
27-10-1927,183.96
26-10-1927,184.78
25-10-1927,185.31
24-10-1927,181.43
22-10-1927,179.78
21-10-1927,181.43
20-10-1927,183.0
19-10-1927,184.48
18-10-1927,187.32
17-10-1927,186.81
15-10-1927,190.18
14-10-1927,190.02
13-10-1927,190.45
11-10-1927,189.29
10-10-1927,189.03
08-10-1927,190.29
07-10-1927,197.5
06-10-1927,199.22
05-10-1927,199.22
04-10-1927,198.88
03-10-1927,199.78
01-10-1927,198.36
30-09-1927,197.59
29-09-1927,194.8
28-09-1927,194.11
27-09-1927,195.38
26-09-1927,194.64
24-09-1927,196.83
23-09-1927,195.42
22-09-1927,194.65
21-09-1927,196.26
20-09-1927,196.97
19-09-1927,196.38
17-09-1927,197.7
16-09-1927,198.85
15-09-1927,198.97
14-09-1927,198.0
13-09-1927,196.81
12-09-1927,194.0
10-09-1927,195.86
09-09-1927,194.6
08-09-1927,196.92
07-09-1927,197.75
06-09-1927,196.91
03-09-1927,191.26
02-09-1927,192.83
01-09-1927,191.56
31-08-1927,189.79
30-08-1927,190.63
29-08-1927,190.0
27-08-1927,189.3
26-08-1927,188.81
25-08-1927,187.5
24-08-1927,188.07
23-08-1927,187.49
22-08-1927,187.32
20-08-1927,185.8
19-08-1927,185.1
18-08-1927,184.15
17-08-1927,184.3
16-08-1927,183.36
15-08-1927,181.93
13-08-1927,179.34
12-08-1927,177.13
11-08-1927,180.0
10-08-1927,182.2
09-08-1927,182.05
08-08-1927,180.27
06-08-1927,182.51
05-08-1927,182.87
04-08-1927,184.64
03-08-1927,183.56
02-08-1927,185.55
01-08-1927,184.21
30-07-1927,182.61
29-07-1927,181.4
28-07-1927,180.73
27-07-1927,180.09
26-07-1927,179.72
25-07-1927,179.28
23-07-1927,178.11
22-07-1927,177.83
21-07-1927,177.75
20-07-1927,177.83
19-07-1927,177.02
18-07-1927,175.4
16-07-1927,174.93
15-07-1927,174.87
14-07-1927,174.38
13-07-1927,173.19
12-07-1927,173.11
11-07-1927,172.65
09-07-1927,171.98
08-07-1927,171.5
07-07-1927,171.96
06-07-1927,172.27
05-07-1927,170.95
02-07-1927,169.29
01-07-1927,168.06
30-06-1927,166.23
29-06-1927,166.53
28-06-1927,166.4
27-06-1927,165.73
25-06-1927,168.04
24-06-1927,168.04
23-06-1927,167.82
22-06-1927,169.5
21-06-1927,169.87
20-06-1927,169.5
18-06-1927,169.85
17-06-1927,170.15
16-06-1927,170.26
15-06-1927,168.78
14-06-1927,167.63
11-06-1927,170.63
10-06-1927,170.21
09-06-1927,170.85
08-06-1927,170.22
07-06-1927,170.18
06-06-1927,171.13
04-06-1927,170.16
03-06-1927,169.65
02-06-1927,171.88
01-06-1927,171.98
31-05-1927,172.96
28-05-1927,172.56
27-05-1927,172.15
26-05-1927,171.31
25-05-1927,171.51
24-05-1927,171.06
23-05-1927,171.67
21-05-1927,172.06
20-05-1927,171.75
19-05-1927,170.29
18-05-1927,168.98
17-05-1927,168.09
16-05-1927,166.68
14-05-1927,168.46
13-05-1927,168.15
12-05-1927,167.06
11-05-1927,167.58
10-05-1927,168.25
09-05-1927,168.15
07-05-1927,167.94
06-05-1927,167.85
05-05-1927,167.75
04-05-1927,168.05
03-05-1927,165.85
02-05-1927,164.55
30-04-1927,164.21
29-04-1927,164.64
28-04-1927,163.53
27-04-1927,165.23
26-04-1927,165.12
25-04-1927,163.73
23-04-1927,166.8
22-04-1927,167.36
21-04-1927,166.66
20-04-1927,166.1
19-04-1927,165.93
18-04-1927,165.48
16-04-1927,165.59
14-04-1927,164.78
13-04-1927,164.17
12-04-1927,163.38
11-04-1927,163.61
09-04-1927,162.69
08-04-1927,162.52
07-04-1927,162.5
06-04-1927,162.69
05-04-1927,162.68
04-04-1927,161.7
02-04-1927,160.66
01-04-1927,160.71
31-03-1927,160.08
30-03-1927,159.66
29-03-1927,160.62
28-03-1927,161.01
26-03-1927,160.55
25-03-1927,160.21
24-03-1927,160.3
23-03-1927,158.85
22-03-1927,158.41
21-03-1927,160.81
19-03-1927,160.56
18-03-1927,160.68
17-03-1927,161.78
16-03-1927,161.61
15-03-1927,160.03
14-03-1927,161.43
12-03-1927,160.73
11-03-1927,160.18
10-03-1927,160.87
09-03-1927,159.86
08-03-1927,158.84
07-03-1927,158.62
05-03-1927,159.23
04-03-1927,159.68
03-03-1927,160.89
02-03-1927,159.07
01-03-1927,161.42
28-02-1927,161.96
26-02-1927,160.83
25-02-1927,160.68
24-02-1927,160.11
23-02-1927,160.43
21-02-1927,158.8
19-02-1927,158.71
18-02-1927,158.56
17-02-1927,157.97
16-02-1927,157.41
15-02-1927,157.61
14-02-1927,157.56
11-02-1927,156.05
10-02-1927,155.53
09-02-1927,155.29
08-02-1927,154.86
07-02-1927,154.31
05-02-1927,154.33
04-02-1927,154.51
03-02-1927,154.94
02-02-1927,154.8
01-02-1927,156.26
31-01-1927,156.41
29-01-1927,155.18
28-01-1927,153.86
27-01-1927,153.13
26-01-1927,153.36
25-01-1927,152.73
24-01-1927,154.43
22-01-1927,155.17
21-01-1927,155.51
20-01-1927,155.16
19-01-1927,155.53
18-01-1927,154.11
17-01-1927,153.91
15-01-1927,154.99
14-01-1927,154.91
13-01-1927,155.45
12-01-1927,155.5
11-01-1927,155.68
10-01-1927,156.56
08-01-1927,155.85
07-01-1927,155.53
06-01-1927,155.16
05-01-1927,155.54
04-01-1927,155.53
03-01-1927,155.16
31-12-1926,157.2
30-12-1926,156.65
29-12-1926,157.5
28-12-1926,157.19
27-12-1926,159.32
24-12-1926,160.46
23-12-1926,160.22
22-12-1926,160.29
21-12-1926,160.46
20-12-1926,160.75
18-12-1926,161.86
17-12-1926,160.66
16-12-1926,159.32
15-12-1926,160.63
14-12-1926,160.65
13-12-1926,160.01
11-12-1926,159.89
10-12-1926,159.61
09-12-1926,158.94
08-12-1926,158.35
07-12-1926,158.86
06-12-1926,159.3
04-12-1926,159.05
03-12-1926,158.5
02-12-1926,158.0
01-12-1926,157.31
30-11-1926,156.55
29-11-1926,155.93
27-11-1926,156.43
26-11-1926,157.37
24-11-1926,155.73
23-11-1926,155.83
22-11-1926,155.01
20-11-1926,153.95
19-11-1926,152.86
18-11-1926,154.51
17-11-1926,155.15
16-11-1926,156.53
15-11-1926,155.0
13-11-1926,154.58
12-11-1926,155.0
11-11-1926,154.66
10-11-1926,153.41
09-11-1926,154.82
08-11-1926,154.78
06-11-1926,153.03
05-11-1926,152.88
04-11-1926,152.76
03-11-1926,151.23
01-11-1926,150.51
30-10-1926,150.38
29-10-1926,150.76
28-10-1926,151.45
27-10-1926,151.87
26-10-1926,149.35
25-10-1926,148.78
23-10-1926,149.56
22-10-1926,148.51
21-10-1926,149.38
20-10-1926,146.73
19-10-1926,145.66
18-10-1926,148.2
16-10-1926,146.85
15-10-1926,147.95
14-10-1926,152.1
13-10-1926,150.78
11-10-1926,149.35
09-10-1926,151.18
08-10-1926,153.39
07-10-1926,152.5
06-10-1926,153.99
05-10-1926,154.86
04-10-1926,156.78
02-10-1926,159.64
01-10-1926,159.69
30-09-1926,158.19
29-09-1926,157.71
28-09-1926,158.01
27-09-1926,158.42
25-09-1926,159.27
24-09-1926,158.65
23-09-1926,156.96
22-09-1926,156.65
21-09-1926,157.56
20-09-1926,156.26
18-09-1926,157.86
17-09-1926,156.74
16-09-1926,158.71
15-09-1926,159.35
14-09-1926,160.57
13-09-1926,158.97
11-09-1926,162.16
10-09-1926,163.35
09-09-1926,164.94
08-09-1926,165.05
07-09-1926,166.1
03-09-1926,163.75
02-09-1926,163.23
01-09-1926,163.93
31-08-1926,162.51
30-08-1926,161.83
28-08-1926,161.88
27-08-1926,161.36
26-08-1926,161.18
25-08-1926,160.41
24-08-1926,161.46
23-08-1926,163.41
21-08-1926,162.78
20-08-1926,162.06
19-08-1926,162.43
18-08-1926,164.41
17-08-1926,164.14
16-08-1926,166.1
14-08-1926,166.64
13-08-1926,164.85
12-08-1926,163.28
11-08-1926,161.68
10-08-1926,162.89
09-08-1926,166.14
07-08-1926,165.21
06-08-1926,164.16
05-08-1926,163.34
04-08-1926,163.23
03-08-1926,163.4
02-08-1926,161.84
31-07-1926,160.47
30-07-1926,160.18
29-07-1926,160.58
28-07-1926,159.33
27-07-1926,156.73
26-07-1926,155.71
24-07-1926,154.59
23-07-1926,155.43
22-07-1926,155.58
21-07-1926,156.41
20-07-1926,157.63
19-07-1926,158.94
17-07-1926,158.81
16-07-1926,157.81
15-07-1926,155.84
14-07-1926,157.12
13-07-1926,156.83
12-07-1926,155.58
10-07-1926,155.06
09-07-1926,153.74
08-07-1926,155.66
07-07-1926,155.05
06-07-1926,154.37
02-07-1926,154.15
01-07-1926,153.01
30-06-1926,153.04
29-06-1926,152.61
28-06-1926,151.08
26-06-1926,150.68
25-06-1926,150.8
24-06-1926,151.87
23-06-1926,151.45
22-06-1926,153.54
21-06-1926,154.03
19-06-1926,153.33
18-06-1926,151.92
17-06-1926,153.44
16-06-1926,151.31
15-06-1926,149.37
14-06-1926,150.13
12-06-1926,148.61
11-06-1926,147.21
10-06-1926,145.95
09-06-1926,145.56
08-06-1926,145.4
07-06-1926,145.56
05-06-1926,145.36
04-06-1926,145.28
03-06-1926,145.03
02-06-1926,143.55
01-06-1926,142.3
28-05-1926,143.43
27-05-1926,142.43
26-05-1926,141.64
25-05-1926,141.2
24-05-1926,141.16
22-05-1926,140.41
21-05-1926,140.27
20-05-1926,138.66
19-05-1926,137.16
18-05-1926,137.53
17-05-1926,137.97
15-05-1926,138.02
14-05-1926,138.84
13-05-1926,139.45
12-05-1926,139.78
11-05-1926,139.05
10-05-1926,138.87
08-05-1926,140.23
07-05-1926,140.1
06-05-1926,142.13
05-05-1926,141.49
04-05-1926,141.38
03-05-1926,140.53
01-05-1926,143.4
30-04-1926,143.71
29-04-1926,144.43
28-04-1926,144.55
27-04-1926,143.15
26-04-1926,142.93
24-04-1926,144.83
23-04-1926,142.55
22-04-1926,141.11
21-04-1926,139.91
20-04-1926,137.47
19-04-1926,136.91
17-04-1926,136.83
16-04-1926,136.27
15-04-1926,137.08
14-04-1926,136.36
13-04-1926,138.9
12-04-1926,136.53
10-04-1926,139.93
09-04-1926,140.95
08-04-1926,140.67
07-04-1926,141.97
06-04-1926,142.43
05-04-1926,141.08
03-04-1926,140.39
01-04-1926,140.35
31-03-1926,140.46
30-03-1926,135.2
29-03-1926,135.49
27-03-1926,139.02
26-03-1926,141.76
25-03-1926,140.81
24-03-1926,140.31
23-03-1926,143.86
22-03-1926,146.32
20-03-1926,144.8
19-03-1926,145.11
18-03-1926,146.32
17-03-1926,149.28
16-03-1926,149.88
15-03-1926,150.65
13-03-1926,150.07
12-03-1926,153.03
11-03-1926,153.0
10-03-1926,153.13
09-03-1926,151.27
08-03-1926,150.1
06-03-1926,149.86
05-03-1926,150.4
04-03-1926,150.76
03-03-1926,144.44
02-03-1926,147.06
01-03-1926,150.9
27-02-1926,154.45
26-02-1926,154.68
25-02-1926,156.54
24-02-1926,158.55
23-02-1926,158.83
20-02-1926,160.93
19-02-1926,160.92
18-02-1926,161.09
17-02-1926,160.05
16-02-1926,158.88
15-02-1926,158.3
13-02-1926,162.08
11-02-1926,162.31
10-02-1926,161.58
09-02-1926,160.31
08-02-1926,159.1
06-02-1926,159.99
05-02-1926,159.98
04-02-1926,160.53
03-02-1926,159.4
02-02-1926,157.95
01-02-1926,156.83
30-01-1926,157.44
29-01-1926,157.35
28-01-1926,157.2
27-01-1926,156.46
26-01-1926,154.63
25-01-1926,155.28
23-01-1926,155.16
22-01-1926,154.26
21-01-1926,153.2
20-01-1926,155.04
19-01-1926,153.81
18-01-1926,155.98
16-01-1926,155.23
15-01-1926,155.1
14-01-1926,156.9
13-01-1926,158.31
12-01-1926,157.39
11-01-1926,157.58
09-01-1926,159.1
08-01-1926,158.76
07-01-1926,158.93
06-01-1926,158.0
05-01-1926,157.6
04-01-1926,158.75
02-01-1926,158.54
31-12-1925,156.66
30-12-1925,155.81
29-12-1925,155.83
28-12-1925,156.87
24-12-1925,157.01
23-12-1925,155.98
22-12-1925,153.91
21-12-1925,152.35
19-12-1925,153.21
18-12-1925,152.67
17-12-1925,152.78
16-12-1925,152.88
15-12-1925,154.07
14-12-1925,154.7
12-12-1925,154.65
11-12-1925,154.21
10-12-1925,153.71
09-12-1925,152.57
08-12-1925,153.84
07-12-1925,154.21
05-12-1925,154.63
04-12-1925,154.6
03-12-1925,153.8
02-12-1925,152.88
01-12-1925,152.11
30-11-1925,151.08
28-11-1925,151.78
27-11-1925,152.7
25-11-1925,151.04
24-11-1925,148.18
23-11-1925,148.6
21-11-1925,151.08
20-11-1925,152.45
19-11-1925,152.27
18-11-1925,150.35
17-11-1925,153.48
16-11-1925,153.11
14-11-1925,156.36
13-11-1925,157.76
12-11-1925,155.47
11-11-1925,154.18
10-11-1925,151.6
09-11-1925,157.43
07-11-1925,158.48
06-11-1925,159.39
05-11-1925,157.67
04-11-1925,158.05
02-11-1925,157.88
31-10-1925,156.52
30-10-1925,155.65
29-10-1925,154.88
28-10-1925,155.25
27-10-1925,152.92
26-10-1925,153.6
24-10-1925,153.47
23-10-1925,153.29
22-10-1925,152.13
21-10-1925,151.61
20-10-1925,150.29
19-10-1925,148.53
17-10-1925,147.89
16-10-1925,149.56
15-10-1925,149.18
14-10-1925,148.96
13-10-1925,147.4
10-10-1925,147.43
09-10-1925,147.2
08-10-1925,146.75
07-10-1925,145.6
06-10-1925,145.11
05-10-1925,146.81
03-10-1925,146.65
02-10-1925,146.13
01-10-1925,144.77
30-09-1925,143.46
29-09-1925,145.06
28-09-1925,144.15
26-09-1925,144.26
25-09-1925,145.56
24-09-1925,143.98
23-09-1925,146.02
22-09-1925,145.74
21-09-1925,146.11
19-09-1925,147.73
18-09-1925,147.16
17-09-1925,146.46
16-09-1925,145.87
15-09-1925,143.89
14-09-1925,146.63
12-09-1925,145.95
11-09-1925,145.38
10-09-1925,143.83
09-09-1925,142.4
08-09-1925,140.86
05-09-1925,141.3
04-09-1925,140.88
03-09-1925,139.91
02-09-1925,137.22
01-09-1925,139.78
31-08-1925,141.18
29-08-1925,141.26
28-08-1925,141.13
27-08-1925,141.54
26-08-1925,141.88
25-08-1925,143.18
24-08-1925,142.76
22-08-1925,142.87
21-08-1925,142.63
20-08-1925,141.66
19-08-1925,141.82
18-08-1925,142.6
17-08-1925,141.56
15-08-1925,140.2
14-08-1925,139.51
13-08-1925,138.6
12-08-1925,137.48
11-08-1925,137.8
10-08-1925,137.41
08-08-1925,137.98
07-08-1925,137.4
06-08-1925,135.71
05-08-1925,135.73
04-08-1925,136.38
03-08-1925,135.81
01-08-1925,134.55
31-07-1925,133.81
30-07-1925,134.16
29-07-1925,134.48
28-07-1925,135.62
27-07-1925,136.5
25-07-1925,135.63
24-07-1925,135.58
23-07-1925,135.33
22-07-1925,133.87
21-07-1925,134.93
20-07-1925,135.0
18-07-1925,134.68
17-07-1925,134.0
16-07-1925,133.5
15-07-1925,133.4
14-07-1925,132.95
13-07-1925,131.71
11-07-1925,131.43
10-07-1925,131.33
09-07-1925,131.83
08-07-1925,133.07
07-07-1925,132.7
06-07-1925,132.31
03-07-1925,131.52
02-07-1925,131.53
01-07-1925,131.76
30-06-1925,131.01
29-06-1925,129.23
27-06-1925,129.73
26-06-1925,129.17
25-06-1925,128.28
24-06-1925,127.8
23-06-1925,127.17
22-06-1925,128.25
20-06-1925,129.16
19-06-1925,129.26
18-06-1925,128.88
17-06-1925,129.8
16-06-1925,129.66
15-06-1925,128.43
13-06-1925,129.38
12-06-1925,128.38
11-06-1925,127.85
10-06-1925,126.75
09-06-1925,127.21
08-06-1925,127.12
06-06-1925,128.85
05-06-1925,128.98
04-06-1925,128.89
03-06-1925,130.41
02-06-1925,130.42
01-06-1925,129.69
29-05-1925,129.95
28-05-1925,129.6
27-05-1925,129.13
26-05-1925,128.43
25-05-1925,127.78
23-05-1925,128.85
22-05-1925,128.95
21-05-1925,128.7
20-05-1925,128.68
19-05-1925,128.38
18-05-1925,127.09
16-05-1925,126.5
15-05-1925,126.0
14-05-1925,124.16
13-05-1925,124.21
12-05-1925,124.45
11-05-1925,124.14
09-05-1925,124.64
08-05-1925,124.74
07-05-1925,125.16
06-05-1925,124.32
05-05-1925,123.63
04-05-1925,122.86
02-05-1925,121.96
01-05-1925,121.1
30-04-1925,120.01
29-04-1925,120.4
28-04-1925,120.0
27-04-1925,119.46
25-04-1925,119.75
24-04-1925,119.74
23-04-1925,120.82
22-04-1925,120.52
21-04-1925,119.53
20-04-1925,121.23
18-04-1925,122.02
17-04-1925,121.41
16-04-1925,120.67
15-04-1925,121.11
14-04-1925,121.54
13-04-1925,120.18
11-04-1925,119.33
09-04-1925,119.06
08-04-1925,118.9
07-04-1925,118.78
06-04-1925,119.43
04-04-1925,118.25
03-04-1925,117.4
02-04-1925,117.61
01-04-1925,118.07
31-03-1925,116.75
30-03-1925,115.0
28-03-1925,116.3
27-03-1925,117.48
26-03-1925,116.78
25-03-1925,118.71
24-03-1925,116.78
23-03-1925,116.82
21-03-1925,119.6
20-03-1925,120.91
19-03-1925,119.38
18-03-1925,118.25
17-03-1925,118.53
16-03-1925,120.76
14-03-1925,124.16
13-03-1925,123.25
12-03-1925,124.6
11-03-1925,123.26
10-03-1925,122.62
09-03-1925,124.33
07-03-1925,124.98
06-03-1925,125.68
05-03-1925,124.81
04-03-1925,123.26
03-03-1925,125.25
02-03-1925,123.93
28-02-1925,122.71
27-02-1925,122.24
26-02-1925,122.86
25-02-1925,122.15
24-02-1925,121.48
21-02-1925,121.85
20-02-1925,121.64
19-02-1925,119.71
18-02-1925,120.07
17-02-1925,118.48
16-02-1925,117.96
14-02-1925,120.86
13-02-1925,121.73
11-02-1925,121.23
10-02-1925,121.73
09-02-1925,122.37
07-02-1925,121.5
06-02-1925,121.48
05-02-1925,120.83
04-02-1925,120.56
03-02-1925,120.08
02-02-1925,120.46
31-01-1925,123.22
30-01-1925,123.49
29-01-1925,122.44
28-01-1925,121.98
27-01-1925,121.53
26-01-1925,121.9
24-01-1925,122.98
23-01-1925,123.09
22-01-1925,123.6
21-01-1925,122.11
20-01-1925,121.74
19-01-1925,122.35
17-01-1925,123.13
16-01-1925,121.71
15-01-1925,121.38
14-01-1925,122.97
13-01-1925,123.56
12-01-1925,123.21
10-01-1925,122.16
09-01-1925,122.32
08-01-1925,121.61
07-01-1925,121.18
06-01-1925,121.13
05-01-1925,119.46
03-01-1925,122.2
02-01-1925,121.25
31-12-1924,120.51
30-12-1924,118.02
29-12-1924,118.63
27-12-1924,119.18
26-12-1924,118.59
24-12-1924,116.74
23-12-1924,115.78
22-12-1924,116.84
20-12-1924,116.41
19-12-1924,116.13
18-12-1924,115.17
17-12-1924,114.35
16-12-1924,113.73
15-12-1924,113.4
13-12-1924,112.76
12-12-1924,111.96
11-12-1924,110.84
10-12-1924,111.07
09-12-1924,112.11
08-12-1924,111.3
06-12-1924,111.1
05-12-1924,111.26
04-12-1924,111.56
03-12-1924,110.83
02-12-1924,110.71
01-12-1924,110.44
29-11-1924,111.38
28-11-1924,111.1
26-11-1924,110.15
25-11-1924,110.08
24-11-1924,109.81
22-11-1924,109.55
21-11-1924,109.63
20-11-1924,110.5
19-11-1924,110.24
18-11-1924,110.73
17-11-1924,109.51
15-11-1924,108.68
14-11-1924,108.96
13-11-1924,108.58
12-11-1924,108.14
11-11-1924,107.58
10-11-1924,105.91
08-11-1924,105.53
07-11-1924,104.86
06-11-1924,104.06
05-11-1924,105.11
03-11-1924,103.89
01-11-1924,104.17
31-10-1924,104.06
30-10-1924,103.0
29-10-1924,102.41
28-10-1924,102.45
27-10-1924,101.73
25-10-1924,102.04
24-10-1924,102.53
23-10-1924,102.18
22-10-1924,101.96
21-10-1924,101.85
20-10-1924,101.14
18-10-1924,101.76
17-10-1924,100.86
16-10-1924,100.16
15-10-1924,100.11
14-10-1924,99.18
11-10-1924,101.33
10-10-1924,101.38
09-10-1924,102.6
08-10-1924,102.06
07-10-1924,102.38
06-10-1924,102.58
04-10-1924,102.85
03-10-1924,102.64
02-10-1924,103.63
01-10-1924,104.08
30-09-1924,103.16
29-09-1924,102.96
27-09-1924,103.93
26-09-1924,103.98
25-09-1924,104.13
24-09-1924,104.68
23-09-1924,104.16
22-09-1924,103.25
20-09-1924,103.85
19-09-1924,103.63
18-09-1924,103.42
17-09-1924,103.49
16-09-1924,101.75
15-09-1924,101.38
13-09-1924,101.97
12-09-1924,101.91
11-09-1924,101.79
10-09-1924,101.13
09-09-1924,101.98
08-09-1924,101.26
06-09-1924,100.76
05-09-1924,101.07
04-09-1924,102.77
03-09-1924,104.02
02-09-1924,104.95
30-08-1924,105.16
29-08-1924,104.14
28-08-1924,102.67
27-08-1924,103.23
26-08-1924,103.58
25-08-1924,103.53
23-08-1924,103.51
22-08-1924,103.89
21-08-1924,104.83
20-08-1924,105.57
19-08-1924,105.38
18-08-1924,104.99
16-08-1924,104.62
15-08-1924,104.01
14-08-1924,102.86
13-08-1924,101.6
12-08-1924,101.51
11-08-1924,102.2
09-08-1924,102.08
08-08-1924,101.79
07-08-1924,102.3
06-08-1924,102.57
05-08-1924,102.52
04-08-1924,103.28
02-08-1924,102.89
01-08-1924,102.12
31-07-1924,102.14
30-07-1924,101.16
29-07-1924,100.87
28-07-1924,101.09
26-07-1924,100.36
25-07-1924,99.6
24-07-1924,99.36
23-07-1924,99.4
22-07-1924,99.36
21-07-1924,99.02
19-07-1924,98.09
18-07-1924,97.4
17-07-1924,96.85
16-07-1924,96.85
15-07-1924,97.4
14-07-1924,97.5
12-07-1924,97.6
11-07-1924,97.38
10-07-1924,96.65
09-07-1924,97.4
08-07-1924,97.56
07-07-1924,96.91
05-07-1924,96.43
03-07-1924,96.48
02-07-1924,96.38
01-07-1924,96.45
30-06-1924,96.37
28-06-1924,95.55
27-06-1924,95.33
26-06-1924,94.71
25-06-1924,93.67
24-06-1924,93.13
23-06-1924,92.65
21-06-1924,93.53
20-06-1924,93.48
19-06-1924,93.79
18-06-1924,93.52
17-06-1924,93.57
16-06-1924,93.8
14-06-1924,92.85
13-06-1924,92.68
12-06-1924,92.19
11-06-1924,92.0
10-06-1924,90.53
09-06-1924,90.15
07-06-1924,89.52
06-06-1924,89.18
05-06-1924,90.41
04-06-1924,90.72
03-06-1924,91.23
02-06-1924,90.15
29-05-1924,89.9
28-05-1924,89.9
27-05-1924,90.15
26-05-1924,90.6
24-05-1924,90.66
23-05-1924,90.04
22-05-1924,90.1
21-05-1924,89.35
20-05-1924,88.33
19-05-1924,89.81
17-05-1924,89.33
16-05-1924,89.78
15-05-1924,89.18
14-05-1924,88.77
13-05-1924,89.69
12-05-1924,89.48
10-05-1924,90.55
09-05-1924,91.4
08-05-1924,92.04
07-05-1924,92.47
06-05-1924,92.24
05-05-1924,92.23
03-05-1924,91.93
02-05-1924,91.68
01-05-1924,92.12
30-04-1924,90.63
29-04-1924,90.65
28-04-1924,90.99
26-04-1924,92.02
25-04-1924,91.51
24-04-1924,90.44
23-04-1924,90.43
22-04-1924,89.22
21-04-1924,89.18
19-04-1924,91.13
17-04-1924,91.34
16-04-1924,90.78
15-04-1924,90.52
14-04-1924,89.91
12-04-1924,90.78
11-04-1924,91.71
10-04-1924,90.86
09-04-1924,92.24
08-04-1924,92.85
07-04-1924,93.03
05-04-1924,94.05
04-04-1924,94.69
03-04-1924,94.33
02-04-1924,94.5
01-04-1924,93.5
31-03-1924,93.01
29-03-1924,92.28
28-03-1924,92.54
27-03-1924,92.9
26-03-1924,93.67
25-03-1924,94.12
24-03-1924,95.58
22-03-1924,95.72
21-03-1924,95.87
20-03-1924,95.88
19-03-1924,96.89
18-03-1924,96.69
17-03-1924,96.6
15-03-1924,98.02
14-03-1924,98.86
13-03-1924,98.25
12-03-1924,97.58
11-03-1924,97.81
10-03-1924,97.21
08-03-1924,98.25
07-03-1924,98.61
06-03-1924,98.45
05-03-1924,97.55
04-03-1924,97.5
03-03-1924,97.1
01-03-1924,97.49
29-02-1924,97.22
28-02-1924,97.69
27-02-1924,96.75
26-02-1924,96.45
25-02-1924,97.16
23-02-1924,97.88
21-02-1924,97.4
20-02-1924,96.58
19-02-1924,96.97
18-02-1924,96.33
16-02-1924,98.06
15-02-1924,96.63
14-02-1924,100.05
13-02-1924,99.81
11-02-1924,100.91
09-02-1924,100.88
08-02-1924,100.2
07-02-1924,100.99
06-02-1924,101.31
05-02-1924,101.08
04-02-1924,101.08
02-02-1924,100.84
01-02-1924,100.7
31-01-1924,100.66
30-01-1924,99.4
29-01-1924,99.16
28-01-1924,99.35
26-01-1924,100.0
25-01-1924,99.81
24-01-1924,98.59
23-01-1924,97.73
22-01-1924,97.23
21-01-1924,97.28
19-01-1924,96.6
18-01-1924,96.28
17-01-1924,96.42
16-01-1924,96.65
15-01-1924,96.09
14-01-1924,95.68
12-01-1924,97.25
11-01-1924,97.46
10-01-1924,97.23
09-01-1924,97.04
08-01-1924,96.77
07-01-1924,96.54
05-01-1924,96.26
04-01-1924,95.4
03-01-1924,94.88
02-01-1924,95.65
31-12-1923,95.52
29-12-1923,95.23
28-12-1923,95.12
27-12-1923,94.98
26-12-1923,95.61
24-12-1923,94.42
22-12-1923,93.63
21-12-1923,93.51
20-12-1923,94.0
19-12-1923,93.63
18-12-1923,93.66
17-12-1923,95.26
15-12-1923,95.23
14-12-1923,94.93
13-12-1923,94.7
12-12-1923,94.11
11-12-1923,93.65
10-12-1923,93.86
08-12-1923,93.85
07-12-1923,93.8
06-12-1923,92.94
05-12-1923,92.81
04-12-1923,92.68
03-12-1923,92.64
01-12-1923,93.15
30-11-1923,92.34
28-11-1923,92.41
27-11-1923,92.61
26-11-1923,92.88
24-11-1923,92.6
23-11-1923,92.13
22-11-1923,91.83
21-11-1923,92.17
20-11-1923,91.26
19-11-1923,91.35
17-11-1923,89.65
16-11-1923,90.33
15-11-1923,90.87
14-11-1923,90.44
13-11-1923,90.75
12-11-1923,91.08
10-11-1923,91.39
09-11-1923,91.14
08-11-1923,90.75
07-11-1923,89.48
05-11-1923,89.36
03-11-1923,89.63
02-11-1923,88.91
01-11-1923,88.41
31-10-1923,88.53
30-10-1923,85.91
29-10-1923,86.2
27-10-1923,85.76
26-10-1923,86.01
25-10-1923,86.43
24-10-1923,87.13
23-10-1923,87.37
22-10-1923,87.48
20-10-1923,87.83
19-10-1923,87.51
18-10-1923,87.46
17-10-1923,87.56
16-10-1923,86.91
15-10-1923,88.06
13-10-1923,87.13
11-10-1923,87.16
10-10-1923,87.54
09-10-1923,88.06
08-10-1923,88.56
06-10-1923,89.29
05-10-1923,89.41
04-10-1923,89.93
03-10-1923,90.45
02-10-1923,88.09
01-10-1923,88.06
29-09-1923,87.89
28-09-1923,87.97
27-09-1923,88.53
26-09-1923,88.53
25-09-1923,87.94
24-09-1923,89.21
22-09-1923,88.54
21-09-1923,88.07
20-09-1923,88.16
19-09-1923,89.17
18-09-1923,88.49
17-09-1923,89.41
15-09-1923,89.05
14-09-1923,89.63
13-09-1923,89.93
12-09-1923,92.05
11-09-1923,93.61
10-09-1923,93.31
08-09-1923,92.93
07-09-1923,92.84
06-09-1923,93.0
05-09-1923,92.98
04-09-1923,92.25
01-09-1923,93.22
31-08-1923,93.46
30-08-1923,93.4
29-08-1923,93.7
28-08-1923,93.2
27-08-1923,92.48
25-08-1923,91.59
24-08-1923,91.92
23-08-1923,92.04
22-08-1923,92.13
21-08-1923,92.18
20-08-1923,91.71
18-08-1923,92.32
17-08-1923,91.64
16-08-1923,90.86
15-08-1923,90.23
14-08-1923,89.6
13-08-1923,88.95
11-08-1923,89.11
09-08-1923,88.67
08-08-1923,88.63
07-08-1923,89.55
06-08-1923,88.51
04-08-1923,87.2
02-08-1923,88.2
01-08-1923,87.96
31-07-1923,86.91
30-07-1923,88.11
28-07-1923,87.33
27-07-1923,88.37
26-07-1923,91.06
25-07-1923,90.87
24-07-1923,90.16
23-07-1923,91.58
21-07-1923,91.39
20-07-1923,91.72
19-07-1923,91.35
18-07-1923,90.01
17-07-1923,89.5
16-07-1923,89.22
14-07-1923,89.4
13-07-1923,89.07
12-07-1923,87.64
11-07-1923,87.8
10-07-1923,88.44
09-07-1923,89.26
07-07-1923,89.41
06-07-1923,88.65
05-07-1923,87.9
03-07-1923,87.87
02-07-1923,88.95
30-06-1923,87.85
29-06-1923,88.4
28-06-1923,89.38
27-06-1923,88.66
26-06-1923,90.11
25-06-1923,91.48
23-06-1923,93.3
22-06-1923,93.55
21-06-1923,92.26
20-06-1923,90.81
19-06-1923,92.76
18-06-1923,92.64
16-06-1923,94.73
15-06-1923,94.86
14-06-1923,95.44
13-06-1923,95.79
12-06-1923,95.97
11-06-1923,97.22
09-06-1923,97.1
08-06-1923,96.66
07-06-1923,97.17
06-06-1923,97.24
05-06-1923,96.29
04-06-1923,96.14
02-06-1923,95.75
01-06-1923,95.36
31-05-1923,97.53
29-05-1923,97.66
28-05-1923,97.25
26-05-1923,97.48
25-05-1923,96.65
24-05-1923,96.03
23-05-1923,93.9
22-05-1923,93.58
21-05-1923,92.77
19-05-1923,94.7
18-05-1923,95.07
17-05-1923,95.41
16-05-1923,95.53
15-05-1923,95.95
14-05-1923,96.91
12-05-1923,95.4
11-05-1923,96.45
10-05-1923,97.61
09-05-1923,98.19
08-05-1923,96.54
07-05-1923,95.41
05-05-1923,96.73
04-05-1923,96.6
03-05-1923,96.3
02-05-1923,98.05
01-05-1923,97.4
30-04-1923,98.38
28-04-1923,100.63
27-04-1923,101.16
26-04-1923,101.37
25-04-1923,101.36
24-04-1923,101.08
23-04-1923,100.73
21-04-1923,101.1
20-04-1923,101.38
19-04-1923,102.58
18-04-1923,102.24
17-04-1923,102.14
16-04-1923,101.76
14-04-1923,102.09
13-04-1923,101.81
12-04-1923,101.71
11-04-1923,101.08
10-04-1923,101.86
09-04-1923,102.11
07-04-1923,102.56
06-04-1923,102.7
05-04-1923,102.36
04-04-1923,101.4
03-04-1923,101.6
02-04-1923,101.51
31-03-1923,102.75
29-03-1923,102.77
28-03-1923,103.45
27-03-1923,103.03
26-03-1923,102.36
24-03-1923,103.28
23-03-1923,103.98
22-03-1923,105.09
21-03-1923,105.23
20-03-1923,105.38
19-03-1923,105.36
17-03-1923,104.89
16-03-1923,103.93
15-03-1923,104.74
14-03-1923,105.28
13-03-1923,104.79
12-03-1923,104.22
10-03-1923,103.82
09-03-1923,104.48
08-03-1923,104.7
07-03-1923,105.23
06-03-1923,104.79
05-03-1923,104.77
03-03-1923,104.51
02-03-1923,104.65
01-03-1923,104.23
28-02-1923,103.9
27-02-1923,102.79
26-02-1923,102.4
24-02-1923,102.85
23-02-1923,103.27
21-02-1923,103.59
20-02-1923,103.56
19-02-1923,102.96
17-02-1923,103.21
16-02-1923,103.23
15-02-1923,102.57
14-02-1923,101.85
13-02-1923,102.16
10-02-1923,101.7
09-02-1923,100.82
08-02-1923,101.05
07-02-1923,101.05
06-02-1923,101.01
05-02-1923,100.03
03-02-1923,99.33
02-02-1923,98.7
01-02-1923,97.71
31-01-1923,97.43
30-01-1923,97.75
29-01-1923,98.26
27-01-1923,98.0
26-01-1923,98.15
25-01-1923,97.79
24-01-1923,97.16
23-01-1923,97.43
22-01-1923,97.25
20-01-1923,97.61
19-01-1923,97.85
18-01-1923,98.09
17-01-1923,97.05
16-01-1923,96.96
15-01-1923,98.04
13-01-1923,99.09
12-01-1923,98.63
11-01-1923,98.12
10-01-1923,97.29
09-01-1923,97.23
08-01-1923,98.06
06-01-1923,97.77
05-01-1923,98.88
04-01-1923,98.57
03-01-1923,99.42
02-01-1923,98.77
30-12-1922,98.73
29-12-1922,98.17
28-12-1922,98.14
27-12-1922,99.22
26-12-1922,99.04
22-12-1922,98.62
21-12-1922,97.88
20-12-1922,97.52
19-12-1922,98.23
18-12-1922,97.64
16-12-1922,98.13
15-12-1922,98.03
14-12-1922,98.19
13-12-1922,98.28
12-12-1922,97.75
11-12-1922,97.85
09-12-1922,97.72
08-12-1922,97.88
07-12-1922,96.91
06-12-1922,96.75
05-12-1922,95.03
04-12-1922,95.1
02-12-1922,95.91
01-12-1922,95.73
29-11-1922,94.65
28-11-1922,93.85
27-11-1922,92.03
25-11-1922,92.78
24-11-1922,94.1
23-11-1922,94.08
22-11-1922,94.29
21-11-1922,95.59
20-11-1922,95.82
18-11-1922,95.36
17-11-1922,95.09
16-11-1922,94.72
15-11-1922,95.11
14-11-1922,93.61
13-11-1922,95.37
11-11-1922,95.88
10-11-1922,97.5
09-11-1922,98.98
08-11-1922,99.53
06-11-1922,98.45
04-11-1922,99.06
03-11-1922,99.29
02-11-1922,98.5
01-11-1922,96.23
31-10-1922,96.11
30-10-1922,96.9
28-10-1922,98.68
27-10-1922,98.76
26-10-1922,98.0
25-10-1922,99.55
24-10-1922,100.1
23-10-1922,100.11
21-10-1922,101.95
20-10-1922,102.01
19-10-1922,101.21
18-10-1922,102.0
17-10-1922,102.6
16-10-1922,102.76
14-10-1922,103.43
13-10-1922,102.6
11-10-1922,101.72
10-10-1922,101.55
09-10-1922,102.26
07-10-1922,100.5
06-10-1922,100.81
05-10-1922,100.34
04-10-1922,99.93
03-10-1922,98.9
02-10-1922,97.67
30-09-1922,96.3
29-09-1922,97.12
28-09-1922,96.58
27-09-1922,96.81
26-09-1922,98.45
25-09-1922,98.9
23-09-1922,99.1
22-09-1922,98.55
21-09-1922,98.37
20-09-1922,100.14
19-09-1922,99.93
18-09-1922,98.88
16-09-1922,100.43
15-09-1922,100.99
14-09-1922,100.79
13-09-1922,101.1
12-09-1922,101.88
11-09-1922,102.05
09-09-1922,101.68
08-09-1922,101.22
07-09-1922,101.05
06-09-1922,100.6
05-09-1922,101.67
02-09-1922,101.29
01-09-1922,101.28
31-08-1922,100.78
30-08-1922,100.75
29-08-1922,100.7
28-08-1922,99.21
26-08-1922,100.05
25-08-1922,99.82
24-08-1922,99.71
23-08-1922,100.32
22-08-1922,100.75
21-08-1922,99.71
19-08-1922,99.01
18-08-1922,98.6
17-08-1922,97.93
16-08-1922,97.41
15-08-1922,96.9
14-08-1922,96.21
12-08-1922,97.04
11-08-1922,96.82
10-08-1922,96.51
09-08-1922,96.93
08-08-1922,97.07
07-08-1922,97.37
05-08-1922,97.03
04-08-1922,97.11
03-08-1922,96.81
02-08-1922,96.51
01-08-1922,96.25
31-07-1922,97.05
29-07-1922,96.83
28-07-1922,96.69
27-07-1922,96.36
26-07-1922,94.84
25-07-1922,95.69
24-07-1922,94.64
22-07-1922,95.78
21-07-1922,96.13
20-07-1922,96.76
19-07-1922,96.69
18-07-1922,96.53
17-07-1922,95.26
15-07-1922,95.35
14-07-1922,94.96
13-07-1922,94.65
12-07-1922,94.88
11-07-1922,94.17
10-07-1922,93.9
08-07-1922,93.53
07-07-1922,94.63
06-07-1922,93.97
05-07-1922,92.97
03-07-1922,92.92
01-07-1922,92.9
30-06-1922,92.93
29-06-1922,92.06
28-06-1922,92.24
27-06-1922,92.47
26-06-1922,93.48
24-06-1922,93.16
23-06-1922,93.07
22-06-1922,93.15
21-06-1922,93.02
20-06-1922,93.51
19-06-1922,91.95
17-06-1922,91.45
16-06-1922,91.11
15-06-1922,91.25
14-06-1922,93.08
13-06-1922,92.04
12-06-1922,90.73
10-06-1922,93.2
09-06-1922,93.6
08-06-1922,95.11
07-06-1922,95.15
06-06-1922,95.59
05-06-1922,95.98
03-06-1922,96.31
02-06-1922,96.36
01-06-1922,96.03
31-05-1922,95.63
29-05-1922,96.41
27-05-1922,95.47
26-05-1922,95.05
25-05-1922,94.36
24-05-1922,94.7
23-05-1922,94.66
22-05-1922,94.86
20-05-1922,94.65
19-05-1922,94.8
18-05-1922,93.91
17-05-1922,93.71
16-05-1922,92.63
15-05-1922,92.08
13-05-1922,92.93
12-05-1922,92.5
11-05-1922,91.5
10-05-1922,91.58
09-05-1922,92.57
08-05-1922,92.84
06-05-1922,93.59
05-05-1922,93.18
04-05-1922,93.18
03-05-1922,93.81
02-05-1922,93.64
01-05-1922,93.35
29-04-1922,92.74
28-04-1922,91.93
27-04-1922,91.1
26-04-1922,91.96
25-04-1922,92.72
24-04-1922,93.0
22-04-1922,93.46
21-04-1922,93.21
20-04-1922,92.43
19-04-1922,92.52
18-04-1922,91.15
17-04-1922,92.75
15-04-1922,93.06
13-04-1922,92.48
12-04-1922,91.77
11-04-1922,91.91
10-04-1922,91.11
08-04-1922,90.63
07-04-1922,90.8
06-04-1922,90.8
05-04-1922,90.67
04-04-1922,89.3
03-04-1922,90.05
01-04-1922,89.08
31-03-1922,89.05
30-03-1922,88.87
29-03-1922,87.9
28-03-1922,87.2
27-03-1922,86.6
25-03-1922,87.08
24-03-1922,87.4
23-03-1922,86.9
22-03-1922,87.26
21-03-1922,88.11
20-03-1922,88.28
18-03-1922,88.47
17-03-1922,88.46
16-03-1922,88.11
15-03-1922,87.3
14-03-1922,87.92
13-03-1922,87.56
11-03-1922,87.93
10-03-1922,87.18
09-03-1922,86.95
08-03-1922,86.73
07-03-1922,86.9
06-03-1922,86.3
04-03-1922,85.91
03-03-1922,86.46
02-03-1922,86.03
01-03-1922,85.33
28-02-1922,85.46
27-02-1922,84.58
25-02-1922,83.33
24-02-1922,85.18
23-02-1922,85.36
21-02-1922,85.81
20-02-1922,84.85
18-02-1922,84.28
17-02-1922,83.88
16-02-1922,83.98
15-02-1922,84.09
14-02-1922,83.81
11-02-1922,82.96
10-02-1922,83.05
09-02-1922,83.6
08-02-1922,82.74
07-02-1922,83.38
06-02-1922,83.7
04-02-1922,83.61
03-02-1922,82.93
02-02-1922,82.86
01-02-1922,81.68
31-01-1922,81.3
30-01-1922,81.33
28-01-1922,81.75
27-01-1922,81.34
26-01-1922,81.54
25-01-1922,82.57
24-01-1922,82.43
23-01-1922,82.29
21-01-1922,82.53
20-01-1922,82.95
19-01-1922,81.91
18-01-1922,82.33
17-01-1922,81.9
16-01-1922,81.36
14-01-1922,81.23
13-01-1922,80.82
12-01-1922,79.96
11-01-1922,80.03
10-01-1922,78.59
09-01-1922,78.87
07-01-1922,79.12
06-01-1922,78.96
05-01-1922,78.68
04-01-1922,79.61
03-01-1922,78.91
31-12-1921,81.1
30-12-1921,80.8
29-12-1921,80.34
28-12-1921,80.8
27-12-1921,80.69
24-12-1921,79.61
23-12-1921,79.31
22-12-1921,78.76
21-12-1921,79.02
20-12-1921,80.3
19-12-1921,80.31
17-12-1921,80.57
16-12-1921,80.95
15-12-1921,81.5
14-12-1921,81.04
13-12-1921,80.69
12-12-1921,80.63
10-12-1921,80.16
09-12-1921,79.6
08-12-1921,78.8
07-12-1921,79.19
06-12-1921,79.36
05-12-1921,78.93
03-12-1921,79.0
02-12-1921,78.73
01-12-1921,78.12
30-11-1921,77.3
29-11-1921,77.76
28-11-1921,78.01
26-11-1921,77.85
25-11-1921,77.31
23-11-1921,76.34
22-11-1921,76.21
21-11-1921,76.69
19-11-1921,77.06
18-11-1921,76.94
17-11-1921,77.07
16-11-1921,77.13
15-11-1921,75.8
14-11-1921,75.5
12-11-1921,76.46
10-11-1921,75.61
09-11-1921,75.75
07-11-1921,74.2
05-11-1921,73.91
04-11-1921,73.94
03-11-1921,73.98
02-11-1921,73.52
01-11-1921,73.44
31-10-1921,73.21
29-10-1921,73.93
28-10-1921,73.8
27-10-1921,72.78
26-10-1921,72.27
25-10-1921,72.22
24-10-1921,71.81
22-10-1921,71.11
21-10-1921,71.0
20-10-1921,70.77
19-10-1921,70.21
18-10-1921,69.81
17-10-1921,69.46
15-10-1921,70.09
14-10-1921,70.15
13-10-1921,70.9
11-10-1921,71.06
10-10-1921,70.95
08-10-1921,71.17
07-10-1921,70.66
06-10-1921,70.42
05-10-1921,70.46
04-10-1921,70.95
03-10-1921,71.61
01-10-1921,71.68
30-09-1921,71.08
29-09-1921,71.19
28-09-1921,70.14
27-09-1921,70.3
26-09-1921,70.65
24-09-1921,70.81
23-09-1921,70.9
22-09-1921,70.25
21-09-1921,69.45
20-09-1921,69.73
19-09-1921,70.06
17-09-1921,70.83
16-09-1921,70.95
15-09-1921,70.68
14-09-1921,71.68
13-09-1921,71.72
12-09-1921,70.68
10-09-1921,71.92
09-09-1921,70.58
08-09-1921,69.15
07-09-1921,69.49
06-09-1921,69.12
02-09-1921,68.0
01-09-1921,66.83
31-08-1921,67.11
30-08-1921,67.8
29-08-1921,66.18
27-08-1921,65.56
26-08-1921,65.54
25-08-1921,63.91
24-08-1921,63.9
23-08-1921,64.38
22-08-1921,64.5
20-08-1921,65.09
19-08-1921,65.34
18-08-1921,65.96
17-08-1921,66.09
16-08-1921,65.27
15-08-1921,66.02
13-08-1921,66.75
12-08-1921,66.88
11-08-1921,66.42
10-08-1921,66.71
09-08-1921,68.0
08-08-1921,68.63
06-08-1921,68.56
05-08-1921,68.61
04-08-1921,69.5
03-08-1921,69.71
02-08-1921,69.95
01-08-1921,69.68
30-07-1921,68.86
29-07-1921,68.37
28-07-1921,68.18
27-07-1921,69.18
26-07-1921,69.2
25-07-1921,69.8
23-07-1921,69.23
22-07-1921,68.27
21-07-1921,68.11
20-07-1921,68.21
19-07-1921,68.24
18-07-1921,67.87
16-07-1921,67.44
15-07-1921,67.25
14-07-1921,67.85
13-07-1921,68.65
12-07-1921,68.7
11-07-1921,68.69
09-07-1921,68.54
08-07-1921,68.35
07-07-1921,69.72
06-07-1921,69.86
05-07-1921,67.71
01-07-1921,68.35
30-06-1921,68.45
29-06-1921,68.73
28-06-1921,67.63
27-06-1921,67.03
25-06-1921,67.85
24-06-1921,66.2
23-06-1921,65.36
22-06-1921,66.23
21-06-1921,66.25
20-06-1921,64.9
18-06-1921,67.25
17-06-1921,67.57
16-06-1921,68.16
15-06-1921,69.0
14-06-1921,70.05
13-06-1921,70.03
11-06-1921,69.7
10-06-1921,69.92
09-06-1921,69.85
08-06-1921,71.03
07-06-1921,71.56
06-06-1921,71.18
04-06-1921,72.55
03-06-1921,72.37
02-06-1921,73.06
01-06-1921,73.51
31-05-1921,73.44
27-05-1921,74.31
26-05-1921,74.81
25-05-1921,74.26
24-05-1921,74.43
23-05-1921,75.86
21-05-1921,75.65
20-05-1921,76.07
19-05-1921,76.96
18-05-1921,77.51
17-05-1921,77.65
16-05-1921,77.23
14-05-1921,77.19
13-05-1921,77.57
12-05-1921,77.6
11-05-1921,77.98
10-05-1921,78.61
09-05-1921,78.81
07-05-1921,79.48
06-05-1921,79.68
05-05-1921,80.03
04-05-1921,79.61
03-05-1921,79.23
02-05-1921,79.65
30-04-1921,78.84
29-04-1921,78.57
28-04-1921,78.77
27-04-1921,78.11
26-04-1921,78.86
25-04-1921,78.55
23-04-1921,78.15
22-04-1921,77.63
21-04-1921,76.54
20-04-1921,76.08
19-04-1921,76.1
18-04-1921,76.15
16-04-1921,76.33
15-04-1921,76.18
14-04-1921,75.06
13-04-1921,75.93
12-04-1921,76.28
11-04-1921,76.15
09-04-1921,75.73
08-04-1921,75.61
07-04-1921,76.16
06-04-1921,76.58
05-04-1921,76.16
04-04-1921,75.16
02-04-1921,75.27
01-04-1921,75.72
31-03-1921,75.76
30-03-1921,76.26
29-03-1921,77.13
28-03-1921,76.19
26-03-1921,77.13
24-03-1921,77.39
23-03-1921,77.78
22-03-1921,76.6
21-03-1921,76.03
19-03-1921,76.56
18-03-1921,76.3
17-03-1921,75.44
16-03-1921,75.2
15-03-1921,73.87
14-03-1921,72.99
12-03-1921,72.76
11-03-1921,72.25
10-03-1921,73.6
09-03-1921,74.6
08-03-1921,74.91
07-03-1921,75.26
05-03-1921,75.25
04-03-1921,75.11
03-03-1921,75.23
02-03-1921,75.19
01-03-1921,74.71
28-02-1921,74.98
26-02-1921,75.46
25-02-1921,75.23
24-02-1921,74.66
23-02-1921,75.66
21-02-1921,75.1
19-02-1921,75.93
18-02-1921,76.28
17-02-1921,76.4
16-02-1921,77.14
15-02-1921,76.9
14-02-1921,76.41
11-02-1921,75.59
10-02-1921,75.59
09-02-1921,75.48
08-02-1921,75.54
07-02-1921,74.8
05-02-1921,75.05
04-02-1921,74.74
03-02-1921,74.34
02-02-1921,74.98
01-02-1921,75.48
31-01-1921,76.13
29-01-1921,76.34
28-01-1921,76.23
27-01-1921,75.71
26-01-1921,75.19
25-01-1921,74.98
24-01-1921,74.77
22-01-1921,74.91
21-01-1921,74.65
20-01-1921,76.08
19-01-1921,76.76
18-01-1921,75.4
17-01-1921,75.21
15-01-1921,75.14
14-01-1921,74.48
13-01-1921,74.43
12-01-1921,75.88
11-01-1921,76.14
10-01-1921,76.0
08-01-1921,74.8
07-01-1921,75.21
06-01-1921,74.31
05-01-1921,73.13
04-01-1921,72.76
03-01-1921,72.67
31-12-1920,71.95
30-12-1920,70.03
29-12-1920,69.2
28-12-1920,67.96
27-12-1920,68.01
24-12-1920,68.91
23-12-1920,69.63
22-12-1920,67.02
21-12-1920,66.75
20-12-1920,68.52
18-12-1920,69.55
17-12-1920,70.26
16-12-1920,70.6
15-12-1920,71.28
14-12-1920,72.29
13-12-1920,70.48
11-12-1920,72.06
10-12-1920,73.29
09-12-1920,74.22
08-12-1920,75.49
07-12-1920,76.73
06-12-1920,76.73
04-12-1920,77.63
03-12-1920,77.08
02-12-1920,77.3
01-12-1920,76.5
30-11-1920,76.04
29-11-1920,76.18
27-11-1920,75.46
26-11-1920,75.53
24-11-1920,76.65
23-11-1920,77.2
22-11-1920,77.15
20-11-1920,74.03
19-11-1920,73.12
18-11-1920,74.36
17-11-1920,75.21
16-11-1920,76.65
15-11-1920,76.63
13-11-1920,76.9
12-11-1920,77.56
11-11-1920,79.95
10-11-1920,80.62
09-11-1920,79.94
08-11-1920,81.51
06-11-1920,82.86
05-11-1920,83.48
04-11-1920,84.45
03-11-1920,84.99
01-11-1920,85.48
30-10-1920,84.95
29-10-1920,85.08
28-10-1920,84.61
27-10-1920,84.92
26-10-1920,85.61
25-10-1920,85.73
23-10-1920,85.57
22-10-1920,85.06
21-10-1920,84.65
20-10-1920,85.26
19-10-1920,84.6
18-10-1920,84.31
16-10-1920,84.96
15-10-1920,85.4
14-10-1920,85.22
13-10-1920,84.39
11-10-1920,84.0
09-10-1920,84.42
08-10-1920,84.4
07-10-1920,85.23
06-10-1920,85.6
05-10-1920,85.56
04-10-1920,85.25
02-10-1920,84.5
01-10-1920,84.0
30-09-1920,82.95
29-09-1920,83.83
28-09-1920,84.53
27-09-1920,83.82
25-09-1920,86.35
24-09-1920,85.9
23-09-1920,86.47
22-09-1920,87.45
21-09-1920,87.96
20-09-1920,88.88
18-09-1920,89.81
17-09-1920,89.95
16-09-1920,88.63
15-09-1920,87.82
14-09-1920,87.64
13-09-1920,86.96
11-09-1920,86.98
10-09-1920,87.98
09-09-1920,88.33
08-09-1920,87.13
07-09-1920,88.21
03-09-1920,88.05
02-09-1920,87.22
01-09-1920,86.34
31-08-1920,86.16
30-08-1920,86.43
28-08-1920,86.6
27-08-1920,86.81
26-08-1920,87.22
25-08-1920,86.93
24-08-1920,87.29
23-08-1920,85.78
21-08-1920,86.86
20-08-1920,86.22
19-08-1920,85.31
18-08-1920,84.01
17-08-1920,83.9
16-08-1920,85.07
14-08-1920,85.57
13-08-1920,85.89
12-08-1920,84.75
11-08-1920,84.83
10-08-1920,83.2
09-08-1920,83.24
07-08-1920,84.1
06-08-1920,84.56
05-08-1920,84.06
04-08-1920,85.58
03-08-1920,85.54
02-08-1920,84.95
31-07-1920,86.85
30-07-1920,86.86
29-07-1920,87.89
28-07-1920,86.96
27-07-1920,87.68
26-07-1920,87.66
24-07-1920,89.85
23-07-1920,89.63
22-07-1920,90.74
21-07-1920,90.45
20-07-1920,90.68
19-07-1920,90.21
17-07-1920,90.24
16-07-1920,89.95
15-07-1920,90.26
14-07-1920,91.2
13-07-1920,91.58
12-07-1920,92.08
10-07-1920,94.2
09-07-1920,94.43
08-07-1920,94.51
07-07-1920,94.04
06-07-1920,93.0
02-07-1920,92.2
01-07-1920,91.26
30-06-1920,90.76
29-06-1920,90.36
28-06-1920,90.45
26-06-1920,90.88
25-06-1920,90.95
24-06-1920,90.88
23-06-1920,90.83
22-06-1920,90.16
21-06-1920,91.32
19-06-1920,91.92
18-06-1920,92.0
17-06-1920,91.37
16-06-1920,91.75
15-06-1920,91.68
14-06-1920,91.75
12-06-1920,93.2
11-06-1920,93.06
10-06-1920,91.92
09-06-1920,92.2
08-06-1920,91.46
07-06-1920,91.13
05-06-1920,92.25
04-06-1920,91.9
03-06-1920,90.9
02-06-1920,90.65
01-06-1920,90.2
29-05-1920,92.06
28-05-1920,91.81
27-05-1920,91.01
26-05-1920,90.01
25-05-1920,90.24
24-05-1920,87.57
22-05-1920,88.4
21-05-1920,88.2
20-05-1920,88.16
19-05-1920,87.36
18-05-1920,91.21
17-05-1920,91.24
15-05-1920,91.9
14-05-1920,91.35
13-05-1920,90.8
12-05-1920,91.29
11-05-1920,92.52
10-05-1920,93.33
08-05-1920,94.75
07-05-1920,93.45
06-05-1920,94.17
05-05-1920,94.41
04-05-1920,94.27
03-05-1920,94.03
30-04-1920,93.54
29-04-1920,93.16
28-04-1920,94.75
27-04-1920,96.41
26-04-1920,97.2
24-04-1920,95.76
23-04-1920,95.46
22-04-1920,97.15
21-04-1920,95.93
20-04-1920,99.48
19-04-1920,101.87
17-04-1920,104.45
16-04-1920,104.73
15-04-1920,104.41
14-04-1920,105.18
13-04-1920,104.61
12-04-1920,103.94
10-04-1920,105.23
09-04-1920,105.38
08-04-1920,105.65
07-04-1920,105.45
06-04-1920,104.32
05-04-1920,102.98
01-04-1920,102.66
31-03-1920,102.81
30-03-1920,102.45
29-03-1920,102.23
27-03-1920,103.4
26-03-1920,103.63
25-03-1920,101.54
24-03-1920,100.33
23-03-1920,103.55
22-03-1920,104.17
20-03-1920,103.56
19-03-1920,103.66
18-03-1920,103.98
17-03-1920,102.11
16-03-1920,100.39
15-03-1920,100.55
13-03-1920,99.31
12-03-1920,98.55
11-03-1920,99.8
10-03-1920,99.46
09-03-1920,97.11
08-03-1920,97.38
06-03-1920,94.55
05-03-1920,94.58
04-03-1920,94.22
03-03-1920,91.95
02-03-1920,91.68
01-03-1920,92.4
28-02-1920,91.31
27-02-1920,91.18
26-02-1920,91.37
25-02-1920,89.98
24-02-1920,92.98
21-02-1920,95.63
20-02-1920,95.57
19-02-1920,94.15
18-02-1920,94.44
17-02-1920,93.56
16-02-1920,92.6
14-02-1920,94.21
13-02-1920,92.66
11-02-1920,90.66
10-02-1920,92.12
09-02-1920,95.73
07-02-1920,96.13
06-02-1920,95.75
05-02-1920,95.5
04-02-1920,97.23
03-02-1920,99.96
02-02-1920,103.01
31-01-1920,103.82
30-01-1920,104.21
29-01-1920,103.6
28-01-1920,103.96
27-01-1920,104.15
26-01-1920,103.74
24-01-1920,102.65
23-01-1920,101.9
22-01-1920,102.36
21-01-1920,102.62
20-01-1920,103.48
19-01-1920,102.72
17-01-1920,102.43
16-01-1920,101.94
15-01-1920,103.62
14-01-1920,102.0
13-01-1920,104.53
12-01-1920,104.22
10-01-1920,106.33
09-01-1920,106.59
08-01-1920,107.24
07-01-1920,107.55
06-01-1920,107.36
05-01-1920,108.85
03-01-1920,109.88
02-01-1920,108.76
